"date","id","notReturnReason","participantRSA","returnIntention","session"
"Sun, 01 Apr 2018 07:26:55 -0500",1603,"",1603,2,"SESSION7"
"Sun, 01 Apr 2018 16:52:14 -0500",1574,"",1574,3,"SESSION7"
"Tue, 03 Apr 2018 19:57:13 -0500",1601,"",1601,2,"SESSION4"
"Tue, 03 Apr 2018 20:51:23 -0500",1620,"",1620,2,"SESSION2"
"Wed, 04 Apr 2018 13:37:50 -0500",1574,"",1574,2,"SESSION8"
"Thu, 05 Apr 2018 15:37:45 -0500",1627,"",1627,2,"SESSION1"
"Fri, 06 Apr 2018 00:03:03 -0500",1401,"",1401,2,"SESSION8"
"Fri, 06 Apr 2018 14:30:14 -0500",1620,"",1620,2,"SESSION3"
"Mon, 09 Apr 2018 14:37:31 -0500",1620,"",1620,2,"SESSION4"
"Tue, 10 Apr 2018 13:21:04 -0500",1633,"",1633,2,"SESSION1"
"Tue, 10 Apr 2018 18:37:17 -0500",1601,"",1601,2,"SESSION5"
"Thu, 12 Apr 2018 12:55:18 -0500",1620,"",1620,2,"SESSION5"
"Thu, 12 Apr 2018 14:32:27 -0500",1639,"",1639,2,"SESSION1"
"Sat, 14 Apr 2018 00:20:00 -0500",1642,"",1642,2,"SESSION1"
"Tue, 17 Apr 2018 18:25:55 -0500",1646,"",1646,2,"SESSION1"
"Tue, 17 Apr 2018 22:35:50 -0500",1620,"",1620,2,"SESSION6"
"Thu, 19 Apr 2018 22:48:33 -0500",1651,"",1651,2,"SESSION1"
"Fri, 20 Apr 2018 14:01:33 -0500",1530,"",1530,2,"SESSION4"
"Fri, 20 Apr 2018 16:20:31 -0500",1601,"",1601,2,"SESSION6"
"Mon, 23 Apr 2018 05:55:23 -0500",1654,"",1654,1,"SESSION1"
"Mon, 23 Apr 2018 14:33:31 -0500",1620,"",1620,2,"SESSION7"
"Mon, 23 Apr 2018 17:23:07 -0500",1657,"",1657,2,"SESSION1"
"Mon, 23 Apr 2018 22:14:52 -0500",1646,"",1646,2,"SESSION2"
"Tue, 24 Apr 2018 23:07:01 -0500",1658,"I am super sorry, it was just super boring",1658,5,"SESSION1"
"Wed, 25 Apr 2018 23:52:40 -0500",1620,"",1620,2,"SESSION8"
"Thu, 26 Apr 2018 06:03:52 -0500",1654,"",1654,2,"SESSION2"
"Fri, 27 Apr 2018 02:14:15 -0500",1660,"",1660,2,"SESSION1"
"Sat, 28 Apr 2018 06:17:11 -0500",1654,"",1654,2,"SESSION3"
"Mon, 30 Apr 2018 15:00:19 -0500",1662,"",1662,2,"SESSION1"
"Mon, 30 Apr 2018 18:13:47 -0500",1654,"",1654,2,"SESSION4"
"Wed, 01 Aug 2018 21:01:26 -0500",1730,"",1730,2,"SESSION4"
"Fri, 03 Aug 2018 01:49:10 -0500",1737,"",1737,2,"SESSION2"
"Mon, 06 Aug 2018 10:09:49 -0500",1732,"",1732,2,"SESSION4"
"Tue, 07 Aug 2018 21:23:23 -0500",1730,"",1730,2,"SESSION5"
"Wed, 08 Aug 2018 16:25:46 -0500",1290,"",1290,1,"SESSION7"
"Thu, 09 Aug 2018 00:43:24 -0500",1737,"",1737,2,"SESSION4"
"Thu, 09 Aug 2018 08:47:55 -0500",1721,"",1721,2,"SESSION5"
"Sat, 11 Aug 2018 12:10:53 -0500",1751,"",1751,2,"SESSION1"
"Sat, 11 Aug 2018 15:24:06 -0500",1737,"",1737,2,"SESSION5"
"Sat, 11 Aug 2018 15:25:08 -0500",1290,"",1290,2,"SESSION8"
"Sun, 12 Aug 2018 07:25:07 -0500",1697,"",1697,1,"SESSION1"
"Sun, 12 Aug 2018 22:22:06 -0500",1721,"",1721,2,"SESSION6"
"Sun, 12 Aug 2018 22:35:08 -0500",1748,"",1748,2,"SESSION1"
"Mon, 13 Aug 2018 11:01:01 -0500",1697,"",1697,1,"SESSION2"
"Tue, 14 Aug 2018 14:53:20 -0500",1751,"",1751,2,"SESSION2"
"Thu, 16 Aug 2018 10:38:54 -0500",1697,"",1697,2,"SESSION3"
"Fri, 17 Aug 2018 12:00:59 -0500",1758,"",1758,2,"SESSION1"
"Mon, 20 Aug 2018 01:36:08 -0500",1737,"",1737,2,"SESSION7"
"Mon, 20 Aug 2018 07:21:49 -0500",1697,"",1697,2,"SESSION4"
"Mon, 20 Aug 2018 15:47:15 -0500",1754,"",1754,2,"SESSION1"
"Mon, 20 Aug 2018 19:21:18 -0500",1758,"",1758,2,"SESSION2"
"Mon, 20 Aug 2018 19:24:01 -0500",1759,"",1759,2,"SESSION1"
"Tue, 21 Aug 2018 13:45:08 -0500",1761,"",1761,2,"SESSION1"
"Thu, 23 Aug 2018 15:48:11 -0500",1754,"",1754,2,"SESSION2"
"Thu, 23 Aug 2018 15:53:07 -0500",1766,"",1766,1,"SESSION1"
"Thu, 23 Aug 2018 21:31:05 -0500",1765,"",1765,2,"SESSION1"
"Sun, 26 Aug 2018 21:11:43 -0500",1770,"",1770,2,"SESSION1"
"Mon, 27 Aug 2018 13:49:44 -0500",1771,"",1771,2,"SESSION1"
"Mon, 27 Aug 2018 14:39:36 -0500",1754,"",1754,2,"SESSION3"
"Mon, 27 Aug 2018 16:25:18 -0500",1766,"",1766,1,"SESSION2"
"Tue, 28 Aug 2018 04:05:20 -0500",1772,"",1772,2,"SESSION1"
"Wed, 29 Aug 2018 09:22:41 -0500",1777,"",1777,2,"SESSION1"
"Wed, 29 Aug 2018 16:47:44 -0500",1754,"",1754,2,"SESSION4"
"Wed, 29 Aug 2018 22:33:40 -0500",1761,"",1761,2,"SESSION2"
"Thu, 30 Aug 2018 02:22:45 -0500",1772,"",1772,2,"SESSION2"
"Thu, 30 Aug 2018 12:34:09 -0500",1782,"",1782,2,"SESSION1"
"Fri, 31 Aug 2018 19:37:46 -0500",1792,"",1792,2,"SESSION1"
"Fri, 31 Aug 2018 21:24:05 -0500",1799,"",1799,2,"SESSION1"
"Sun, 02 Dec 2018 17:37:40 -0500",1923,"",1923,2,"SESSION2"
"Sun, 02 Dec 2018 23:11:04 -0500",1933,"",1933,2,"SESSION2"
"Wed, 05 Dec 2018 03:15:15 -0500",1938,"",1938,2,"SESSION1"
"Wed, 05 Dec 2018 15:16:37 -0500",1932,"",1932,2,"SESSION3"
"Sat, 08 Dec 2018 15:52:04 -0500",1942,"",1942,2,"SESSION1"
"Tue, 11 Dec 2018 14:19:55 -0500",1947,"",1947,2,"SESSION1"
"Wed, 12 Dec 2018 12:12:08 -0500",1932,"",1932,2,"SESSION4"
"Fri, 14 Dec 2018 15:39:06 -0500",1932,"",1932,2,"SESSION5"
"Sun, 16 Dec 2018 21:00:13 -0500",1950,"",1950,2,"SESSION1"
"Mon, 17 Dec 2018 15:46:11 -0500",1932,"",1932,2,"SESSION6"
"Mon, 17 Dec 2018 21:38:36 -0500",1946,"",1946,2,"SESSION2"
"Wed, 19 Dec 2018 10:15:57 -0500",1950,"",1950,2,"SESSION2"
"Thu, 20 Dec 2018 13:38:39 -0500",1932,"",1932,2,"SESSION7"
"Sat, 22 Dec 2018 13:47:24 -0500",1946,"",1946,2,"SESSION3"
"Tue, 25 Dec 2018 22:04:35 -0500",1951,"",1951,2,"SESSION1"
"Sat, 29 Dec 2018 15:57:08 -0500",1956,"",1956,2,"SESSION1"
"Fri, 02 Feb 2018 17:10:56 -0500",1497,"",1497,2,"SESSION5"
"Sat, 03 Feb 2018 01:56:21 -0500",1513,"",1513,2,"SESSION1"
"Sun, 04 Feb 2018 10:40:37 -0500",1509,"",1509,2,"SESSION1"
"Sun, 04 Feb 2018 14:51:56 -0500",1516,"",1516,2,"SESSION1"
"Mon, 05 Feb 2018 00:51:20 -0500",1519,"",1519,2,"SESSION1"
"Mon, 05 Feb 2018 12:53:10 -0500",1518,"",1518,2,"SESSION1"
"Mon, 05 Feb 2018 13:10:09 -0500",1480,"",1480,2,"SESSION4"
"Mon, 05 Feb 2018 18:11:08 -0500",1497,"",1497,2,"SESSION6"
"Tue, 06 Feb 2018 10:12:07 -0500",1526,"",1526,1,"SESSION1"
"Tue, 06 Feb 2018 10:33:42 -0500",1525,"",1525,2,"SESSION1"
"Tue, 06 Feb 2018 14:32:46 -0500",1527,"",1527,2,"SESSION1"
"Tue, 06 Feb 2018 16:43:48 -0500",1524,"",1524,2,"SESSION1"
"Wed, 07 Feb 2018 11:55:20 -0500",1465,"",1465,2,"SESSION7"
"Wed, 07 Feb 2018 12:14:37 -0500",1497,"",1497,2,"SESSION7"
"Wed, 07 Feb 2018 18:37:41 -0500",1524,"",1524,2,"SESSION2"
"Thu, 08 Feb 2018 01:36:01 -0500",1401,"",1401,2,"SESSION7"
"Thu, 08 Feb 2018 08:41:32 -0500",1509,"",1509,2,"SESSION2"
"Thu, 08 Feb 2018 08:58:13 -0500",1525,"",1525,2,"SESSION2"
"Thu, 08 Feb 2018 11:06:50 -0500",1526,"",1526,2,"SESSION2"
"Thu, 08 Feb 2018 13:45:56 -0500",1530,"",1530,2,"SESSION1"
"Thu, 08 Feb 2018 15:05:03 -0500",1518,"",1518,2,"SESSION2"
"Thu, 08 Feb 2018 16:15:58 -0500",1533,"",1533,2,"SESSION1"
"Fri, 09 Feb 2018 11:53:56 -0500",1497,"",1497,2,"SESSION8"
"Fri, 09 Feb 2018 15:14:04 -0500",1524,"",1524,2,"SESSION3"
"Sat, 10 Feb 2018 07:09:51 -0500",1537,"",1537,2,"SESSION1"
"Sat, 10 Feb 2018 09:02:03 -0500",1509,"",1509,2,"SESSION3"
"Sun, 11 Feb 2018 09:41:47 -0500",1539,"",1539,3,"SESSION1"
"Mon, 12 Feb 2018 08:14:51 -0500",1530,"",1530,2,"SESSION2"
"Mon, 12 Feb 2018 08:54:05 -0500",1526,"",1526,2,"SESSION3"
"Mon, 12 Feb 2018 12:02:18 -0500",1465,"",1465,2,"SESSION8"
"Tue, 13 Feb 2018 13:23:19 -0500",1509,"",1509,2,"SESSION4"
"Tue, 13 Feb 2018 16:06:29 -0500",1524,"",1524,2,"SESSION4"
"Tue, 13 Feb 2018 19:37:44 -0500",1518,"",1518,2,"SESSION3"
"Thu, 15 Feb 2018 06:00:37 -0500",1526,"",1526,2,"SESSION4"
"Thu, 15 Feb 2018 18:39:04 -0500",1480,"",1480,2,"SESSION5"
"Fri, 16 Feb 2018 07:29:11 -0500",1524,"",1524,2,"SESSION5"
"Fri, 16 Feb 2018 10:29:33 -0500",1509,"",1509,2,"SESSION5"
"Fri, 16 Feb 2018 21:53:00 -0500",1545,"",1545,2,"SESSION1"
"Sun, 18 Feb 2018 12:30:21 -0500",1509,"",1509,2,"SESSION6"
"Sun, 18 Feb 2018 16:15:41 -0500",1524,"",1524,2,"SESSION6"
"Mon, 19 Feb 2018 14:12:46 -0500",1526,"",1526,2,"SESSION5"
"Mon, 19 Feb 2018 16:11:29 -0500",1480,"",1480,2,"SESSION6"
"Wed, 21 Feb 2018 07:05:51 -0500",1551,"",1551,2,"SESSION1"
"Wed, 21 Feb 2018 14:48:57 -0500",1526,"",1526,2,"SESSION6"
"Wed, 21 Feb 2018 16:53:17 -0500",1290,"",1290,2,"SESSION6"
"Wed, 21 Feb 2018 22:41:29 -0500",1545,"",1545,2,"SESSION2"
"Thu, 22 Feb 2018 13:19:16 -0500",1525,"",1525,2,"SESSION3"
"Thu, 22 Feb 2018 14:40:51 -0500",1524,"",1524,2,"SESSION7"
"Fri, 23 Feb 2018 04:52:47 -0500",1476,"",1476,2,"SESSION4"
"Fri, 23 Feb 2018 10:36:02 -0500",1509,"",1509,2,"SESSION7"
"Fri, 23 Feb 2018 14:13:56 -0500",1557,"",1557,2,"SESSION1"
"Sun, 25 Feb 2018 09:34:31 -0500",1526,"",1526,2,"SESSION7"
"Sun, 25 Feb 2018 09:41:18 -0500",1509,"",1509,2,"SESSION8"
"Mon, 26 Feb 2018 16:10:38 -0500",1480,"",1480,2,"SESSION7"
"Tue, 27 Feb 2018 01:07:07 -0500",1557,"",1557,2,"SESSION2"
"Tue, 27 Feb 2018 11:01:04 -0500",1564,"",1564,2,"SESSION1"
"Tue, 27 Feb 2018 11:42:59 -0500",1476,"",1476,2,"SESSION5"
"Tue, 27 Feb 2018 16:25:30 -0500",1552,"",1552,3,"SESSION1"
"Wed, 28 Feb 2018 12:24:19 -0500",1524,"",1524,2,"SESSION8"
"Tue, 01 Jan 2019 19:37:19 -0500",1273,"",1273,1,"SESSION3"
"Thu, 03 Jan 2019 22:06:38 -0500",1942,"",1942,3,"SESSION3"
"Sat, 05 Jan 2019 13:59:07 -0500",1932,"",1932,2,"SESSION8"
"Wed, 16 Jan 2019 04:07:57 -0500",1965,"",1965,2,"SESSION1"
"Thu, 18 Jan 2018 23:29:45 -0500",1458,"",1458,2,"SESSION7"
"Fri, 18 Jan 2019 22:00:57 -0500",1969,"",1969,2,"SESSION1"
"Fri, 19 Jan 2018 12:08:36 -0500",1483,"",1483,2,"SESSION1"
"Sun, 21 Jan 2018 07:55:56 -0500",1465,"",1465,2,"SESSION5"
"Tue, 23 Jan 2018 01:17:27 -0500",1458,"",1458,2,"SESSION8"
"Tue, 23 Jan 2018 14:26:40 -0500",1465,"",1465,2,"SESSION6"
"Tue, 23 Jan 2018 17:38:29 -0500",1483,"",1483,2,"SESSION2"
"Wed, 24 Jan 2018 15:44:39 -0500",1497,"",1497,2,"SESSION1"
"Fri, 26 Jan 2018 04:04:08 -0500",1501,"",1501,2,"SESSION1"
"Fri, 26 Jan 2018 09:17:10 -0500",1502,"",1502,2,"SESSION1"
"Fri, 26 Jan 2018 12:39:33 -0500",1497,"",1497,2,"SESSION2"
"Mon, 29 Jan 2018 10:29:34 -0500",1497,"",1497,2,"SESSION3"
"Mon, 29 Jan 2018 11:54:27 -0500",1480,"",1480,2,"SESSION2"
"Wed, 31 Jan 2018 11:37:32 -0500",1480,"",1480,2,"SESSION3"
"Wed, 31 Jan 2018 15:27:03 -0500",1497,"",1497,2,"SESSION4"
"Sun, 01 Jul 2018 12:58:06 -0500",1704,"",1704,3,"SESSION4"
"Wed, 04 Jul 2018 20:04:12 -0500",1714,"",1714,2,"SESSION1"
"Fri, 06 Jul 2018 16:06:54 -0500",1714,"",1714,2,"SESSION2"
"Sun, 08 Jul 2018 13:18:25 -0500",1718,"",1718,2,"SESSION1"
"Wed, 11 Jul 2018 09:48:08 -0500",1721,"",1721,2,"SESSION1"
"Wed, 11 Jul 2018 10:36:04 -0500",1687,"",1687,2,"SESSION8"
"Wed, 11 Jul 2018 12:35:26 -0500",1722,"",1722,2,"SESSION1"
"Wed, 11 Jul 2018 17:25:34 -0500",1723,"",1723,2,"SESSION1"
"Fri, 13 Jul 2018 12:54:39 -0500",1530,"",1530,2,"SESSION8"
"Tue, 17 Jul 2018 12:09:00 -0500",1306,"",1306,2,"SESSION1"
"Tue, 17 Jul 2018 13:11:18 -0500",1721,"",1721,2,"SESSION2"
"Tue, 17 Jul 2018 17:26:27 -0500",1726,"",1726,2,"SESSION1"
"Fri, 20 Jul 2018 20:20:22 -0500",1704,"",1704,3,"SESSION5"
"Sat, 21 Jul 2018 13:16:31 -0500",1730,"",1730,2,"SESSION1"
"Sun, 22 Jul 2018 15:02:55 -0500",1732,"",1732,2,"SESSION1"
"Mon, 23 Jul 2018 13:20:53 -0500",1306,"",1306,2,"SESSION2"
"Mon, 23 Jul 2018 15:59:22 -0500",1730,"",1730,2,"SESSION2"
"Tue, 24 Jul 2018 20:24:42 -0500",1733,"",1733,2,"SESSION1"
"Thu, 26 Jul 2018 13:49:33 -0500",1721,"",1721,2,"SESSION3"
"Fri, 27 Jul 2018 08:08:10 -0500",1732,"",1732,2,"SESSION2"
"Fri, 27 Jul 2018 16:31:04 -0500",1726,"",1726,2,"SESSION2"
"Sun, 29 Jul 2018 05:18:02 -0500",1737,"",1737,2,"SESSION1"
"Sun, 29 Jul 2018 15:22:37 -0500",1732,"",1732,3,"SESSION3"
"Sun, 29 Jul 2018 18:35:52 -0500",1721,"",1721,2,"SESSION4"
"Fri, 01 Jun 2018 13:09:08 -0500",1691,"",1691,2,"SESSION1"
"Fri, 01 Jun 2018 18:01:06 -0500",1687,"",1687,2,"SESSION2"
"Sat, 02 Jun 2018 14:08:48 -0500",1692,"",1692,2,"SESSION1"
"Sun, 03 Jun 2018 15:04:40 -0500",1690,"",1690,2,"SESSION2"
"Mon, 04 Jun 2018 12:50:09 -0500",1673,"",1673,2,"SESSION6"
"Mon, 04 Jun 2018 13:29:33 -0500",1695,"",1695,2,"SESSION1"
"Mon, 04 Jun 2018 19:22:30 -0500",1149,"",1149,1,"SESSION1"
"Mon, 04 Jun 2018 19:38:48 -0500",1693,"",1693,2,"SESSION1"
"Tue, 05 Jun 2018 06:56:28 -0500",1690,"",1690,2,"SESSION3"
"Tue, 05 Jun 2018 17:56:17 -0500",1687,"",1687,2,"SESSION3"
"Tue, 05 Jun 2018 18:47:10 -0500",1675,"",1675,2,"SESSION8"
"Sat, 09 Jun 2018 10:32:05 -0500",1690,"",1690,1,"SESSION4"
"Mon, 11 Jun 2018 06:30:36 -0500",1690,"",1690,2,"SESSION5"
"Thu, 14 Jun 2018 06:36:19 -0500",1690,"",1690,2,"SESSION6"
"Thu, 14 Jun 2018 12:19:12 -0500",1687,"",1687,2,"SESSION4"
"Sat, 16 Jun 2018 14:01:59 -0500",1704,"",1704,2,"SESSION1"
"Sat, 16 Jun 2018 14:03:59 -0500",1705,"",1705,2,"SESSION1"
"Mon, 18 Jun 2018 12:46:17 -0500",1687,"",1687,2,"SESSION5"
"Wed, 20 Jun 2018 10:27:55 -0500",1687,"",1687,2,"SESSION6"
"Thu, 21 Jun 2018 10:34:05 -0500",1704,"",1704,2,"SESSION2"
"Thu, 21 Jun 2018 17:42:37 -0500",1690,"",1690,2,"SESSION7"
"Sat, 23 Jun 2018 08:16:07 -0500",1690,"",1690,2,"SESSION8"
"Sat, 23 Jun 2018 11:32:52 -0500",1704,"",1704,2,"SESSION3"
"Thu, 28 Jun 2018 12:08:28 -0500",1687,"",1687,2,"SESSION7"
"Thu, 01 Mar 2018 10:36:36 -0500",1526,"",1526,2,"SESSION8"
"Thu, 01 Mar 2018 19:31:30 -0500",1574,"",1574,2,"SESSION1"
"Sat, 03 Mar 2018 16:49:40 -0500",1577,"",1577,1,"SESSION1"
"Mon, 05 Mar 2018 04:07:06 -0500",1569,"",1569,2,"SESSION1"
"Mon, 05 Mar 2018 09:04:28 -0500",1574,"",1574,2,"SESSION2"
"Mon, 05 Mar 2018 11:03:55 -0500",1476,"",1476,2,"SESSION6"
"Mon, 05 Mar 2018 11:33:58 -0500",1480,"",1480,2,"SESSION8"
"Mon, 05 Mar 2018 16:16:00 -0500",1584,"",1584,2,"SESSION1"
"Wed, 07 Mar 2018 13:34:33 -0500",1577,"",1577,1,"SESSION2"
"Thu, 08 Mar 2018 08:55:37 -0500",1574,"",1574,2,"SESSION3"
"Fri, 09 Mar 2018 14:19:50 -0500",1530,"",1530,2,"SESSION3"
"Fri, 09 Mar 2018 15:34:02 -0500",1525,"",1525,3,"SESSION4"
"Sat, 10 Mar 2018 09:00:31 -0500",1591,"",1591,1,"SESSION1"
"Sun, 11 Mar 2018 09:22:17 -0500",1575,"",1575,2,"SESSION1"
"Sun, 11 Mar 2018 10:42:25 -0500",1593,"",1593,2,"SESSION1"
"Sun, 11 Mar 2018 17:46:42 -0500",1594,"",1594,2,"SESSION1"
"Tue, 13 Mar 2018 08:26:59 -0500",1574,"",1574,2,"SESSION4"
"Tue, 13 Mar 2018 13:42:27 -0500",1575,"",1575,2,"SESSION2"
"Thu, 15 Mar 2018 18:28:03 -0500",1593,"",1593,2,"SESSION2"
"Thu, 15 Mar 2018 22:10:53 -0500",1600,"",1600,2,"SESSION1"
"Fri, 16 Mar 2018 19:53:52 -0500",1601,"",1601,2,"SESSION1"
"Sat, 17 Mar 2018 11:47:01 -0500",1603,"",1603,2,"SESSION1"
"Sun, 18 Mar 2018 10:56:13 -0500",1606,"",1606,2,"SESSION1"
"Mon, 19 Mar 2018 07:03:36 -0500",1603,"",1603,2,"SESSION2"
"Tue, 20 Mar 2018 16:21:06 -0500",1569,"",1569,2,"SESSION2"
"Tue, 20 Mar 2018 21:09:14 -0500",1601,"",1601,2,"SESSION2"
"Wed, 21 Mar 2018 15:20:37 -0500",1603,"",1603,2,"SESSION3"
"Thu, 22 Mar 2018 18:06:31 -0500",1574,"",1574,3,"SESSION5"
"Fri, 23 Mar 2018 01:24:02 -0500",1610,"",1610,2,"SESSION1"
"Fri, 23 Mar 2018 05:51:05 -0500",1603,"",1603,2,"SESSION4"
"Mon, 26 Mar 2018 04:29:25 -0500",1603,"",1603,2,"SESSION5"
"Tue, 27 Mar 2018 10:00:58 -0500",1617,"",1617,2,"SESSION1"
"Tue, 27 Mar 2018 20:19:11 -0500",1601,"",1601,2,"SESSION3"
"Wed, 28 Mar 2018 04:21:38 -0500",1603,"",1603,2,"SESSION6"
"Wed, 28 Mar 2018 19:56:16 -0500",1619,"",1619,2,"SESSION1"
"Thu, 29 Mar 2018 11:19:19 -0500",1574,"",1574,3,"SESSION6"
"Thu, 29 Mar 2018 13:18:47 -0500",1620,"",1620,2,"SESSION1"
"Sat, 31 Mar 2018 22:08:11 -0500",1623,"",1623,2,"SESSION1"
"Tue, 01 May 2018 14:41:10 -0500",1614,"",1614,2,"SESSION1"
"Wed, 02 May 2018 14:21:35 -0500",1662,"",1662,2,"SESSION2"
"Wed, 02 May 2018 14:52:11 -0500",1530,"",1530,2,"SESSION5"
"Wed, 02 May 2018 17:49:32 -0500",1654,"",1654,2,"SESSION5"
"Thu, 03 May 2018 20:28:00 -0500",1646,"",1646,3,"SESSION3"
"Fri, 04 May 2018 09:00:41 -0500",1662,"",1662,2,"SESSION3"
"Fri, 04 May 2018 15:49:49 -0500",1654,"",1654,2,"SESSION6"
"Sat, 05 May 2018 11:16:44 -0500",1666,"",1666,2,"SESSION1"
"Mon, 07 May 2018 08:44:38 -0500",1662,"",1662,2,"SESSION4"
"Mon, 07 May 2018 12:55:05 -0500",1667,"",1667,1,"SESSION1"
"Mon, 07 May 2018 13:41:42 -0500",1668,"",1668,2,"SESSION1"
"Tue, 08 May 2018 18:30:21 -0500",1670,"",1670,2,"SESSION1"
"Wed, 09 May 2018 10:26:23 -0500",1662,"",1662,2,"SESSION5"
"Thu, 10 May 2018 12:23:50 -0500",1673,"",1673,2,"SESSION1"
"Thu, 10 May 2018 16:44:58 -0500",1675,"",1675,1,"SESSION1"
"Fri, 11 May 2018 14:30:00 -0500",1654,"",1654,2,"SESSION7"
"Sat, 12 May 2018 03:14:44 -0500",1677,"",1677,2,"SESSION1"
"Sat, 12 May 2018 11:53:29 -0500",1675,"",1675,2,"SESSION2"
"Sat, 12 May 2018 14:56:36 -0500",1678,"Too tedious with some unreal outcomes.",1678,5,"SESSION1"
"Sun, 13 May 2018 07:10:11 -0500",1654,"",1654,2,"SESSION8"
"Sun, 13 May 2018 18:39:49 -0500",1614,"",1614,2,"SESSION2"
"Mon, 14 May 2018 12:46:31 -0500",1662,"",1662,2,"SESSION6"
"Mon, 14 May 2018 17:52:30 -0500",1675,"",1675,2,"SESSION3"
"Wed, 16 May 2018 08:09:31 -0500",1673,"",1673,2,"SESSION2"
"Wed, 16 May 2018 19:03:27 -0500",1675,"",1675,2,"SESSION4"
"Fri, 18 May 2018 12:56:42 -0500",1681,"",1681,2,"SESSION1"
"Sat, 19 May 2018 14:33:16 -0500",1675,"",1675,2,"SESSION5"
"Mon, 21 May 2018 15:20:05 -0500",1530,"",1530,2,"SESSION6"
"Mon, 21 May 2018 18:44:40 -0500",1673,"",1673,2,"SESSION3"
"Thu, 24 May 2018 13:54:02 -0500",1673,"",1673,3,"SESSION4"
"Thu, 24 May 2018 16:04:04 -0500",1662,"",1662,2,"SESSION7"
"Thu, 24 May 2018 20:43:06 -0500",1675,"",1675,2,"SESSION6"
"Thu, 24 May 2018 21:52:53 -0500",1684,"",1684,2,"SESSION1"
"Mon, 28 May 2018 19:07:55 -0500",1675,"",1675,2,"SESSION7"
"Tue, 29 May 2018 13:53:15 -0500",1662,"",1662,2,"SESSION8"
"Wed, 30 May 2018 02:36:38 -0500",1677,"",1677,4,"SESSION2"
"Wed, 30 May 2018 08:07:27 -0500",1687,"",1687,2,"SESSION1"
"Wed, 30 May 2018 08:19:15 -0500",1673,"",1673,2,"SESSION5"
"Wed, 30 May 2018 14:56:06 -0500",1530,"",1530,2,"SESSION7"
"Thu, 31 May 2018 18:50:56 -0500",1690,"",1690,2,"SESSION1"
"Sat, 03 Nov 2018 05:06:21 -0500",1908,"",1908,2,"SESSION1"
"Sun, 04 Nov 2018 20:05:39 -0500",1910,"",1910,2,"SESSION1"
"Mon, 05 Nov 2018 22:01:37 -0500",1901,"",1901,2,"SESSION2"
"Tue, 06 Nov 2018 17:30:51 -0500",1889,"",1889,2,"SESSION4"
"Sun, 11 Nov 2018 09:49:17 -0500",1912,"",1912,2,"SESSION1"
"Tue, 13 Nov 2018 08:43:06 -0500",1910,"",1910,2,"SESSION3"
"Fri, 16 Nov 2018 13:08:34 -0500",1919,"",1919,2,"SESSION1"
"Fri, 16 Nov 2018 19:45:20 -0500",1910,"",1910,2,"SESSION4"
"Thu, 22 Nov 2018 23:44:48 -0500",1910,"",1910,2,"SESSION6"
"Sat, 24 Nov 2018 01:49:34 -0500",1927,"",1927,1,"SESSION1"
"Sat, 24 Nov 2018 12:44:22 -0500",1866,"",1866,1,"SESSION1"
"Sat, 24 Nov 2018 20:37:32 -0500",1923,"",1923,2,"SESSION1"
"Sun, 25 Nov 2018 09:42:20 -0500",1910,"",1910,2,"SESSION7"
"Mon, 26 Nov 2018 06:57:55 -0500",1928,"",1928,2,"SESSION1"
"Wed, 28 Nov 2018 11:37:14 -0500",1932,"",1932,2,"SESSION1"
"Wed, 28 Nov 2018 17:57:02 -0500",1933,"",1933,2,"SESSION1"
"Thu, 29 Nov 2018 01:07:40 -0500",1928,"",1928,2,"SESSION2"
"Thu, 29 Nov 2018 22:55:58 -0500",1910,"",1910,2,"SESSION8"
"Fri, 30 Nov 2018 15:09:43 -0500",1932,"",1932,2,"SESSION2"
"Mon, 01 Oct 2018 00:48:17 -0500",1851,"",1851,2,"SESSION2"
"Mon, 01 Oct 2018 01:17:46 -0500",1804,"",1804,2,"SESSION7"
"Mon, 01 Oct 2018 02:58:05 -0500",1833,"",1833,3,"SESSION1"
"Mon, 01 Oct 2018 16:31:51 -0500",1857,"",1857,2,"SESSION1"
"Tue, 02 Oct 2018 00:02:52 -0500",1811,"",1811,2,"SESSION7"
"Wed, 03 Oct 2018 06:48:33 -0500",1772,"",1772,2,"SESSION7"
"Thu, 04 Oct 2018 05:42:17 -0500",1824,"",1824,3,"SESSION3"
"Fri, 05 Oct 2018 01:10:50 -0500",1865,"",1865,2,"SESSION1"
"Fri, 05 Oct 2018 03:09:12 -0500",1833,"",1833,3,"SESSION2"
"Sat, 06 Oct 2018 01:13:52 -0500",1804,"",1804,2,"SESSION8"
"Sat, 06 Oct 2018 20:53:21 -0500",1811,"",1811,2,"SESSION8"
"Sun, 07 Oct 2018 09:34:16 -0500",1806,"",1806,2,"SESSION7"
"Mon, 08 Oct 2018 07:37:47 -0500",1772,"",1772,2,"SESSION8"
"Wed, 10 Oct 2018 10:00:01 -0500",1871,"",1871,2,"SESSION1"
"Wed, 10 Oct 2018 11:43:12 -0500",1872,"",1872,1,"SESSION1"
"Wed, 10 Oct 2018 18:23:24 -0500",1874,"",1874,2,"SESSION1"
"Sun, 14 Oct 2018 11:17:58 -0500",1806,"",1806,2,"SESSION8"
"Sun, 14 Oct 2018 13:19:29 -0500",1877,"",1877,2,"SESSION1"
"Sun, 14 Oct 2018 21:03:37 -0500",1879,"",1879,2,"SESSION1"
"Mon, 15 Oct 2018 04:34:19 -0500",1871,"",1871,2,"SESSION2"
"Mon, 15 Oct 2018 04:44:06 -0500",1872,"",1872,2,"SESSION2"
"Wed, 17 Oct 2018 14:03:56 -0500",1886,"",1886,2,"SESSION1"
"Thu, 18 Oct 2018 16:42:55 -0500",1889,"",1889,2,"SESSION1"
"Thu, 18 Oct 2018 21:31:27 -0500",1890,"",1890,2,"SESSION1"
"Mon, 22 Oct 2018 10:49:43 -0500",1893,"",1893,2,"SESSION1"
"Mon, 22 Oct 2018 17:53:52 -0500",1889,"",1889,2,"SESSION2"
"Tue, 23 Oct 2018 21:07:27 -0500",1876,"",1876,2,"SESSION1"
"Tue, 23 Oct 2018 22:41:15 -0500",1895,"",1895,2,"SESSION1"
"Wed, 24 Oct 2018 16:05:30 -0500",1889,"",1889,2,"SESSION3"
"Thu, 25 Oct 2018 16:34:07 -0500",1897,"",1897,3,"SESSION1"
"Mon, 29 Oct 2018 19:04:04 -0500",1901,"",1901,2,"SESSION1"
"Wed, 31 Oct 2018 08:10:20 -0500",1903,"",1903,2,"SESSION1"
"Mon, 03 Sep 2018 08:05:14 -0500",1777,"",1777,2,"SESSION2"
"Mon, 03 Sep 2018 10:43:39 -0500",1754,"",1754,2,"SESSION5"
"Mon, 03 Sep 2018 11:55:52 -0500",1803,"",1803,2,"SESSION1"
"Tue, 04 Sep 2018 15:32:14 -0500",1704,"",1704,2,"SESSION6"
"Wed, 05 Sep 2018 09:29:24 -0500",1806,"",1806,2,"SESSION1"
"Wed, 05 Sep 2018 14:07:24 -0500",1807,"",1807,2,"SESSION1"
"Wed, 05 Sep 2018 16:31:31 -0500",1754,"",1754,2,"SESSION6"
"Thu, 06 Sep 2018 16:12:28 -0500",1809,"",1809,2,"SESSION1"
"Fri, 07 Sep 2018 06:48:27 -0500",1785,"",1785,3,"SESSION1"
"Fri, 07 Sep 2018 10:29:04 -0500",1771,"",1771,3,"SESSION2"
"Fri, 07 Sep 2018 21:28:41 -0500",1811,"",1811,1,"SESSION1"
"Sat, 08 Sep 2018 01:06:04 -0500",1804,"",1804,1,"SESSION1"
"Sat, 08 Sep 2018 13:10:28 -0500",1803,"",1803,2,"SESSION2"
"Sun, 09 Sep 2018 11:23:44 -0500",1806,"",1806,2,"SESSION2"
"Mon, 10 Sep 2018 17:02:04 -0500",1809,"",1809,2,"SESSION2"
"Mon, 10 Sep 2018 18:14:01 -0500",1803,"",1803,2,"SESSION3"
"Tue, 11 Sep 2018 03:24:54 -0500",1772,"",1772,2,"SESSION3"
"Tue, 11 Sep 2018 14:15:05 -0500",1737,"",1737,2,"SESSION8"
"Tue, 11 Sep 2018 16:12:33 -0500",1754,"",1754,2,"SESSION7"
"Thu, 13 Sep 2018 16:03:55 -0500",1822,"",1822,1,"SESSION1"
"Fri, 14 Sep 2018 01:29:14 -0500",1811,"",1811,2,"SESSION2"
"Fri, 14 Sep 2018 12:07:11 -0500",1824,"",1824,2,"SESSION1"
"Fri, 14 Sep 2018 16:35:56 -0500",1754,"",1754,2,"SESSION8"
"Sat, 15 Sep 2018 13:39:38 -0500",1829,"",1829,2,"SESSION1"
"Sun, 16 Sep 2018 06:44:15 -0500",1772,"",1772,2,"SESSION4"
"Sun, 16 Sep 2018 16:34:17 -0500",1804,"",1804,1,"SESSION3"
"Wed, 19 Sep 2018 07:42:37 -0500",1772,"",1772,2,"SESSION5"
"Wed, 19 Sep 2018 09:33:34 -0500",1824,"",1824,2,"SESSION2"
"Wed, 19 Sep 2018 11:42:06 -0500",1811,"",1811,2,"SESSION3"
"Thu, 20 Sep 2018 12:44:49 -0500",1766,"",1766,1,"SESSION3"
"Fri, 21 Sep 2018 01:19:04 -0500",1804,"",1804,2,"SESSION4"
"Fri, 21 Sep 2018 14:37:13 -0500",1811,"",1811,2,"SESSION4"
"Fri, 21 Sep 2018 17:52:26 -0500",1846,"",1846,2,"SESSION1"
"Sat, 22 Sep 2018 12:51:47 -0500",1806,"",1806,2,"SESSION3"
"Sun, 23 Sep 2018 06:06:05 -0500",1842,"",1842,2,"SESSION1"
"Sun, 23 Sep 2018 14:30:45 -0500",1811,"",1811,2,"SESSION5"
"Sun, 23 Sep 2018 16:08:34 -0500",1846,"",1846,2,"SESSION2"
"Sun, 23 Sep 2018 16:34:10 -0500",1804,"",1804,2,"SESSION5"
"Mon, 24 Sep 2018 14:45:25 -0500",1850,"",1850,2,"SESSION1"
"Wed, 26 Sep 2018 00:51:25 -0500",1851,"",1851,2,"SESSION1"
"Thu, 27 Sep 2018 01:10:24 -0500",1846,"",1846,2,"SESSION3"
"Thu, 27 Sep 2018 22:36:19 -0500",1854,"",1854,2,"SESSION1"
"Fri, 28 Sep 2018 01:38:57 -0500",1804,"",1804,2,"SESSION6"
"Fri, 28 Sep 2018 11:01:01 -0500",1811,"",1811,2,"SESSION6"
"Fri, 28 Sep 2018 12:14:58 -0500",1806,"",1806,2,"SESSION4"
"Sat, 29 Sep 2018 16:01:57 -0500",1856,"",1856,2,"SESSION1"
"Sun, 30 Sep 2018 06:43:36 -0500",1772,"",1772,2,"SESSION6"
"Sun, 30 Sep 2018 10:49:46 -0500",1806,"",1806,2,"SESSION5"
