"compare","date","id","participantRSA","related","session"
3,"Wed, 04 Apr 2018 13:26:34 -0500",1574,"1574",2,"SESSION8"
3,"Wed, 05 Apr 2017 14:49:29 -0500",1168,"1168",3,"SESSION1"
3,"Thu, 05 Apr 2018 15:37:21 -0500",1627,"1627",4,"SESSION1"
4,"Thu, 06 Apr 2017 10:46:41 -0500",1133,"1133",4,"SESSION6"
2,"Thu, 06 Apr 2017 21:05:26 -0500",1169,"1169",3,"SESSION1"
4,"Thu, 05 Apr 2018 23:46:01 -0500",1401,"1401",4,"SESSION8"
3,"Fri, 06 Apr 2018 14:12:52 -0500",1620,"1620",4,"SESSION3"
4,"Fri, 07 Apr 2017 09:02:52 -0500",1171,"1171",3,"SESSION1"
3,"Fri, 07 Apr 2017 15:49:32 -0500",1121,"1121",4,"SESSION8"
1,"Sun, 09 Apr 2017 19:02:06 -0500",1173,"1173",4,"SESSION1"
3,"Mon, 10 Apr 2017 11:41:22 -0500",1168,"1168",3,"SESSION3"
3,"Mon, 10 Apr 2017 18:08:44 -0500",1175,"1175",4,"SESSION1"
2,"Tue, 10 Apr 2018 13:20:19 -0500",1633,"1633",2,"SESSION1"
4,"Tue, 11 Apr 2017 08:17:45 -0500",1133,"1133",4,"SESSION8"
5,"Tue, 11 Apr 2017 16:20:10 -0500",1176,"1176",5,"SESSION1"
3,"Wed, 12 Apr 2017 16:01:36 -0500",1178,"1178",3,"SESSION1"
2,"Thu, 12 Apr 2018 14:32:03 -0500",1639,"1639",2,"SESSION1"
3,"Fri, 14 Apr 2017 09:53:49 -0500",1180,"1180",5,"SESSION1"
3,"Sat, 14 Apr 2018 00:19:28 -0500",1642,"1642",3,"SESSION1"
2,"Tue, 17 Apr 2018 18:25:16 -0500",1646,"1646",5,"SESSION1"
3,"Tue, 17 Apr 2018 22:17:01 -0500",1620,"1620",4,"SESSION6"
1,"Mon, 17 Apr 2017 23:04:21 -0500",1186,"1186",1,"SESSION1"
1,"Thu, 19 Apr 2018 22:47:23 -0500",1651,"1651",1,"SESSION1"
2,"Thu, 20 Apr 2017 09:20:20 -0500",1190,"1190",4,"SESSION1"
2,"Fri, 20 Apr 2018 16:04:23 -0500",1601,"1601",4,"SESSION6"
5,"Fri, 21 Apr 2017 10:28:51 -0500",1184,"1184",2,"SESSION1"
3,"Mon, 23 Apr 2018 05:53:49 -0500",1654,"1654",4,"SESSION1"
4,"Mon, 23 Apr 2018 17:22:04 -0500",1657,"1657",5,"SESSION1"
3,"Tue, 25 Apr 2017 19:52:08 -0500",1169,"1169",4,"SESSION3"
2,"Tue, 24 Apr 2018 23:06:20 -0500",1658,"1658",3,"SESSION1"
3,"Wed, 25 Apr 2018 23:37:43 -0500",1620,"1620",4,"SESSION8"
2,"Fri, 27 Apr 2018 02:13:30 -0500",1660,"1660",4,"SESSION1"
3,"Sat, 28 Apr 2018 05:59:36 -0500",1654,"1654",4,"SESSION3"
5,"Mon, 30 Apr 2018 14:59:38 -0500",1662,"1662",4,"SESSION1"
2,"Tue, 01 Aug 2017 12:10:38 -0500",1303,"1303",4,"SESSION1"
2,"Wed, 02 Aug 2017 07:55:36 -0500",1267,"1267",3,"SESSION3"
3,"Wed, 02 Aug 2017 12:42:22 -0500",1311,"1311",3,"SESSION1"
2,"Wed, 02 Aug 2017 18:49:51 -0500",1273,"1273",4,"SESSION1"
4,"Wed, 03 Aug 2016 19:55:53 -0500",523,"523",3,"SESSION3"
4,"Thu, 03 Aug 2017 03:47:53 -0500",1265,"1265",4,"SESSION3"
2,"Sun, 06 Aug 2017 16:26:03 -0500",1292,"1292",2,"SESSION3"
3,"Sun, 06 Aug 2017 22:34:21 -0500",1269,"1269",3,"SESSION1"
4,"Mon, 06 Aug 2018 01:41:46 -0500",1737,"1737",3,"SESSION3"
2,"Mon, 08 Aug 2016 00:06:45 -0500",539,"539",1,"SESSION1"
4,"Mon, 08 Aug 2016 20:43:40 -0500",531,"531",3,"SESSION3"
3,"Tue, 08 Aug 2017 06:54:59 -0500",1311,"1311",3,"SESSION3"
1,"Thu, 11 Aug 2016 16:15:11 -0500",508,"508",4,"SESSION1"
3,"Fri, 11 Aug 2017 14:43:31 -0500",1290,"1290",4,"SESSION3"
3,"Fri, 11 Aug 2017 18:34:48 -0500",1303,"1303",5,"SESSION3"
4,"Sat, 11 Aug 2018 12:10:15 -0500",1751,"1751",4,"SESSION1"
4,"Sat, 11 Aug 2018 15:07:55 -0500",1290,"1290",3,"SESSION8"
1,"Fri, 12 Aug 2016 01:59:05 -0500",541,"541",2,"SESSION1"
3,"Fri, 12 Aug 2016 12:46:50 -0500",532,"532",4,"SESSION3"
3,"Sun, 12 Aug 2018 07:24:32 -0500",1697,"1697",4,"SESSION1"
4,"Sun, 12 Aug 2018 22:06:17 -0500",1721,"1721",4,"SESSION6"
2,"Sun, 12 Aug 2018 22:34:07 -0500",1748,"1748",3,"SESSION1"
3,"Sat, 13 Aug 2016 19:57:46 -0500",546,"546",2,"SESSION1"
2,"Sat, 13 Aug 2016 20:56:34 -0500",539,"539",2,"SESSION3"
4,"Sun, 14 Aug 2016 19:54:52 -0500",547,"547",3,"SESSION1"
3,"Wed, 15 Aug 2018 01:48:17 -0500",1737,"1737",3,"SESSION6"
2,"Tue, 15 Aug 2017 23:11:31 -0500",1040,"1040",3,"SESSION1"
4,"Thu, 16 Aug 2018 10:23:15 -0500",1697,"1697",5,"SESSION3"
4,"Wed, 17 Aug 2016 09:51:33 -0500",549,"549",4,"SESSION1"
2,"Fri, 17 Aug 2018 12:00:23 -0500",1758,"1758",3,"SESSION1"
2,"Thu, 18 Aug 2016 19:47:07 -0500",541,"541",3,"SESSION3"
2,"Sat, 20 Aug 2016 14:29:40 -0500",539,"539",2,"SESSION6"
4,"Mon, 20 Aug 2018 15:46:20 -0500",1754,"1754",4,"SESSION1"
5,"Mon, 20 Aug 2018 19:23:03 -0500",1759,"1759",4,"SESSION1"
3,"Tue, 21 Aug 2018 13:43:59 -0500",1761,"1761",3,"SESSION1"
5,"Mon, 22 Aug 2016 12:40:46 -0500",532,"532",4,"SESSION6"
4,"Tue, 23 Aug 2016 11:15:30 -0500",552,"552",4,"SESSION1"
3,"Tue, 23 Aug 2016 20:26:28 -0500",557,"557",4,"SESSION1"
3,"Wed, 23 Aug 2017 13:27:13 -0500",1328,"1328",4,"SESSION1"
2,"Wed, 23 Aug 2017 20:09:41 -0500",1292,"1292",2,"SESSION6"
3,"Thu, 23 Aug 2018 15:52:33 -0500",1766,"1766",4,"SESSION1"
3,"Thu, 23 Aug 2018 21:29:50 -0500",1765,"1765",3,"SESSION1"
3,"Wed, 24 Aug 2016 01:24:14 -0500",562,"562",3,"SESSION1"
3,"Wed, 24 Aug 2016 02:41:35 -0500",564,"564",4,"SESSION1"
2,"Wed, 24 Aug 2016 12:46:02 -0500",569,"569",3,"SESSION1"
1,"Wed, 24 Aug 2016 13:47:54 -0500",539,"539",1,"SESSION8"
2,"Wed, 24 Aug 2016 13:58:18 -0500",579,"579",3,"SESSION1"
4,"Wed, 24 Aug 2016 17:49:04 -0500",561,"561",3,"SESSION1"
3,"Wed, 24 Aug 2016 20:15:28 -0500",570,"570",4,"SESSION1"
3,"Wed, 24 Aug 2016 23:28:26 -0500",574,"574",2,"SESSION1"
3,"Thu, 25 Aug 2016 08:59:06 -0500",582,"582",4,"SESSION1"
2,"Thu, 25 Aug 2016 11:59:21 -0500",580,"580",4,"SESSION1"
2,"Fri, 26 Aug 2016 02:35:52 -0500",594,"594",3,"SESSION1"
5,"Fri, 26 Aug 2016 13:40:17 -0500",532,"532",5,"SESSION8"
3,"Sun, 26 Aug 2018 21:10:30 -0500",1770,"1770",4,"SESSION1"
2,"Sat, 27 Aug 2016 15:28:17 -0500",597,"597",4,"SESSION1"
2,"Sat, 27 Aug 2016 21:55:26 -0500",584,"584",3,"SESSION1"
3,"Mon, 27 Aug 2018 13:49:12 -0500",1771,"1771",4,"SESSION1"
4,"Mon, 27 Aug 2018 14:25:25 -0500",1754,"1754",3,"SESSION3"
3,"Mon, 28 Aug 2017 09:07:04 -0500",1332,"1332",4,"SESSION1"
4,"Mon, 28 Aug 2017 12:30:33 -0500",1273,"1273",4,"SESSION3"
3,"Tue, 28 Aug 2018 04:03:56 -0500",1772,"1772",3,"SESSION1"
3,"Tue, 29 Aug 2017 12:36:39 -0500",1327,"1327",3,"SESSION1"
3,"Wed, 29 Aug 2018 09:21:52 -0500",1777,"1777",5,"SESSION1"
2,"Tue, 30 Aug 2016 09:32:47 -0500",531,"531",3,"SESSION6"
2,"Wed, 30 Aug 2017 15:57:23 -0500",1292,"1292",2,"SESSION8"
3,"Wed, 30 Aug 2017 16:37:08 -0500",1333,"1333",2,"SESSION1"
3,"Thu, 30 Aug 2018 12:33:35 -0500",1782,"1782",2,"SESSION1"
2,"Wed, 31 Aug 2016 14:15:40 -0500",582,"582",4,"SESSION3"
2,"Fri, 31 Aug 2018 19:37:15 -0500",1792,"1792",3,"SESSION1"
4,"Fri, 31 Aug 2018 21:22:38 -0500",1799,"1799",5,"SESSION1"
3,"Sat, 02 Dec 2017 10:07:49 -0500",1411,"1411",2,"SESSION3"
2,"Sat, 03 Dec 2016 17:31:01 -0500",982,"982",2,"SESSION6"
3,"Sat, 03 Dec 2016 20:48:19 -0500",1009,"1009",3,"SESSION3"
3,"Sun, 03 Dec 2017 18:41:19 -0500",1428,"1428",3,"SESSION3"
1,"Sun, 04 Dec 2016 18:15:59 -0500",1041,"1041",1,"SESSION1"
4,"Sun, 04 Dec 2016 18:29:52 -0500",978,"978",3,"SESSION3"
3,"Sun, 04 Dec 2016 19:10:00 -0500",817,"817",3,"SESSION8"
4,"Sun, 04 Dec 2016 21:36:56 -0500",997,"997",4,"SESSION8"
4,"Mon, 04 Dec 2017 08:41:51 -0500",1401,"1401",4,"SESSION6"
4,"Tue, 05 Dec 2017 22:40:24 -0500",1444,"1444",4,"SESSION1"
3,"Wed, 05 Dec 2018 03:14:18 -0500",1938,"1938",3,"SESSION1"
3,"Wed, 05 Dec 2018 15:09:34 -0500",1932,"1932",4,"SESSION3"
3,"Tue, 06 Dec 2016 22:05:46 -0500",1044,"1044",4,"SESSION1"
2,"Wed, 07 Dec 2016 17:59:48 -0500",989,"989",3,"SESSION6"
5,"Sat, 08 Dec 2018 15:50:52 -0500",1942,"1942",4,"SESSION1"
2,"Fri, 09 Dec 2016 09:47:20 -0500",1045,"1045",4,"SESSION1"
3,"Sat, 10 Dec 2016 15:16:43 -0500",1046,"1046",4,"SESSION1"
3,"Tue, 11 Dec 2018 14:19:23 -0500",1947,"1947",4,"SESSION1"
4,"Mon, 12 Dec 2016 22:20:01 -0500",985,"985",4,"SESSION6"
3,"Tue, 13 Dec 2016 03:03:40 -0500",723,"723",4,"SESSION8"
5,"Wed, 13 Dec 2017 17:10:09 -0500",1376,"1376",5,"SESSION6"
2,"Thu, 15 Dec 2016 17:58:39 -0500",989,"989",3,"SESSION8"
2,"Fri, 15 Dec 2017 10:55:51 -0500",1428,"1428",3,"SESSION6"
3,"Mon, 17 Dec 2018 15:39:59 -0500",1932,"1932",4,"SESSION6"
4,"Sun, 18 Dec 2016 16:31:56 -0500",1051,"1051",5,"SESSION1"
3,"Mon, 19 Dec 2016 08:20:11 -0500",1013,"1013",4,"SESSION3"
3,"Mon, 19 Dec 2016 10:38:40 -0500",1052,"1052",4,"SESSION1"
3,"Tue, 19 Dec 2017 09:34:10 -0500",1452,"1452",4,"SESSION1"
3,"Wed, 21 Dec 2016 15:28:01 -0500",995,"995",4,"SESSION6"
3,"Thu, 21 Dec 2017 14:36:54 -0500",1456,"1456",2,"SESSION1"
5,"Thu, 21 Dec 2017 21:40:58 -0500",1457,"1457",4,"SESSION1"
3,"Sat, 22 Dec 2018 13:34:02 -0500",1946,"1946",3,"SESSION3"
4,"Sat, 23 Dec 2017 18:45:41 -0500",1459,"1459",5,"SESSION1"
4,"Sat, 24 Dec 2016 22:09:33 -0500",1055,"1055",4,"SESSION1"
2,"Tue, 25 Dec 2018 22:03:59 -0500",1951,"1951",2,"SESSION1"
3,"Tue, 26 Dec 2017 01:05:31 -0500",1458,"1458",4,"SESSION1"
5,"Fri, 29 Dec 2017 17:22:21 -0500",1464,"1464",4,"SESSION1"
2,"Sat, 29 Dec 2018 15:55:49 -0500",1956,"1956",4,"SESSION1"
5,"Fri, 30 Dec 2016 11:42:40 -0500",1059,"1059",5,"SESSION1"
3,"Sat, 30 Dec 2017 12:42:20 -0500",1465,"1465",2,"SESSION1"
2,"Sat, 31 Dec 2016 13:43:47 -0500",1051,"1051",4,"SESSION3"
2,"Wed, 01 Feb 2017 15:33:31 -0500",1091,"1091",3,"SESSION1"
3,"Sat, 03 Feb 2018 01:55:33 -0500",1513,"1513",4,"SESSION1"
3,"Sat, 04 Feb 2017 10:29:48 -0500",1095,"1095",3,"SESSION1"
3,"Sat, 04 Feb 2017 15:08:16 -0500",1069,"1069",3,"SESSION3"
3,"Sun, 04 Feb 2018 10:38:24 -0500",1509,"1509",4,"SESSION1"
5,"Sun, 04 Feb 2018 14:51:02 -0500",1516,"1516",3,"SESSION1"
3,"Mon, 05 Feb 2018 00:50:36 -0500",1519,"1519",3,"SESSION1"
5,"Mon, 05 Feb 2018 12:52:42 -0500",1518,"1518",5,"SESSION1"
4,"Mon, 05 Feb 2018 18:01:32 -0500",1497,"1497",3,"SESSION6"
3,"Tue, 06 Feb 2018 10:11:15 -0500",1526,"1526",4,"SESSION1"
3,"Tue, 06 Feb 2018 10:32:37 -0500",1525,"1525",3,"SESSION1"
3,"Tue, 06 Feb 2018 14:32:05 -0500",1527,"1527",3,"SESSION1"
4,"Tue, 06 Feb 2018 16:42:08 -0500",1524,"1524",4,"SESSION1"
3,"Tue, 07 Feb 2017 19:00:46 -0500",1084,"1084",3,"SESSION1"
5,"Thu, 08 Feb 2018 13:45:11 -0500",1530,"1530",5,"SESSION1"
2,"Thu, 08 Feb 2018 16:14:18 -0500",1533,"1533",3,"SESSION1"
4,"Fri, 09 Feb 2018 11:45:50 -0500",1497,"1497",3,"SESSION8"
4,"Fri, 09 Feb 2018 14:59:59 -0500",1524,"1524",4,"SESSION3"
3,"Sat, 10 Feb 2018 07:09:06 -0500",1537,"1537",2,"SESSION1"
3,"Sat, 10 Feb 2018 08:40:38 -0500",1509,"1509",4,"SESSION3"
2,"Sun, 11 Feb 2018 09:40:41 -0500",1539,"1539",2,"SESSION1"
3,"Mon, 12 Feb 2018 08:44:02 -0500",1526,"1526",4,"SESSION3"
4,"Mon, 12 Feb 2018 11:50:20 -0500",1465,"1465",2,"SESSION8"
3,"Mon, 13 Feb 2017 12:29:20 -0500",889,"889",4,"SESSION6"
5,"Tue, 13 Feb 2018 19:28:39 -0500",1518,"1518",5,"SESSION3"
3,"Tue, 14 Feb 2017 11:20:43 -0500",1109,"1109",4,"SESSION1"
3,"Wed, 15 Feb 2017 09:40:48 -0500",1110,"1110",4,"SESSION1"
1,"Fri, 16 Feb 2018 21:52:20 -0500",1545,"1545",5,"SESSION1"
2,"Sun, 18 Feb 2018 12:09:29 -0500",1509,"1509",2,"SESSION6"
4,"Sun, 18 Feb 2018 16:02:28 -0500",1524,"1524",4,"SESSION6"
2,"Sun, 19 Feb 2017 18:49:33 -0500",1116,"1116",3,"SESSION1"
3,"Sun, 19 Feb 2017 19:30:13 -0500",1069,"1069",3,"SESSION6"
4,"Mon, 19 Feb 2018 14:49:46 -0500",1480,"1480",3,"SESSION6"
2,"Mon, 20 Feb 2017 16:32:14 -0500",1110,"1110",3,"SESSION3"
4,"Wed, 21 Feb 2018 07:05:15 -0500",1551,"1551",3,"SESSION1"
4,"Wed, 21 Feb 2018 14:40:47 -0500",1526,"1526",4,"SESSION6"
4,"Wed, 21 Feb 2018 16:36:32 -0500",1290,"1290",4,"SESSION6"
3,"Wed, 22 Feb 2017 20:49:16 -0500",1121,"1121",4,"SESSION1"
3,"Thu, 22 Feb 2018 13:02:43 -0500",1525,"1525",3,"SESSION3"
3,"Thu, 23 Feb 2017 18:28:05 -0500",1122,"1122",3,"SESSION1"
2,"Fri, 23 Feb 2018 14:13:22 -0500",1557,"1557",4,"SESSION1"
2,"Sun, 25 Feb 2018 09:20:40 -0500",1509,"1509",3,"SESSION8"
3,"Mon, 27 Feb 2017 10:33:25 -0500",1109,"1109",4,"SESSION3"
3,"Tue, 27 Feb 2018 11:00:41 -0500",1564,"1564",3,"SESSION1"
4,"Tue, 27 Feb 2018 16:24:19 -0500",1552,"1552",4,"SESSION1"
4,"Wed, 28 Feb 2018 12:11:14 -0500",1524,"1524",4,"SESSION8"
2,"Mon, 01 Jan 2018 05:36:12 -0500",1467,"1467",3,"SESSION1"
1,"Mon, 01 Jan 2018 23:12:10 -0500",1468,"1468",3,"SESSION1"
3,"Tue, 02 Jan 2018 02:15:37 -0500",1458,"1458",3,"SESSION3"
3,"Wed, 03 Jan 2018 08:42:10 -0500",1045,"1045",5,"SESSION3"
4,"Thu, 03 Jan 2019 21:54:46 -0500",1942,"1942",4,"SESSION3"
3,"Wed, 04 Jan 2017 22:43:51 -0500",1065,"1065",4,"SESSION1"
1,"Thu, 05 Jan 2017 16:44:35 -0500",1068,"1068",4,"SESSION1"
4,"Sat, 05 Jan 2019 13:53:19 -0500",1932,"1932",4,"SESSION8"
4,"Sun, 07 Jan 2018 08:06:28 -0500",1212,"1212",5,"SESSION1"
3,"Sun, 08 Jan 2017 22:35:44 -0500",1065,"1065",4,"SESSION3"
3,"Mon, 08 Jan 2018 09:20:30 -0500",1476,"1476",3,"SESSION1"
3,"Tue, 09 Jan 2018 08:44:37 -0500",1465,"1465",2,"SESSION3"
3,"Tue, 09 Jan 2018 16:14:55 -0500",1376,"1376",3,"SESSION8"
2,"Wed, 11 Jan 2017 17:45:00 -0500",1051,"1051",3,"SESSION6"
2,"Thu, 12 Jan 2017 22:35:13 -0500",1069,"1069",2,"SESSION1"
3,"Fri, 12 Jan 2018 17:01:15 -0500",1480,"1480",4,"SESSION1"
3,"Fri, 12 Jan 2018 23:21:54 -0500",1458,"1458",3,"SESSION6"
2,"Sat, 13 Jan 2018 06:24:21 -0500",1476,"1476",3,"SESSION3"
3,"Mon, 15 Jan 2018 22:08:54 -0500",1482,"1482",3,"SESSION1"
2,"Wed, 16 Jan 2019 04:07:16 -0500",1965,"1965",2,"SESSION1"
3,"Wed, 17 Jan 2018 12:03:23 -0500",1489,"1489",4,"SESSION1"
4,"Wed, 18 Jan 2017 16:57:52 -0500",1074,"1074",4,"SESSION1"
4,"Fri, 18 Jan 2019 21:59:45 -0500",1969,"1969",4,"SESSION1"
3,"Thu, 19 Jan 2017 12:37:24 -0500",1075,"1075",3,"SESSION1"
3,"Thu, 19 Jan 2017 14:50:03 -0500",1051,"1051",3,"SESSION8"
2,"Fri, 19 Jan 2018 12:08:00 -0500",1483,"1483",4,"SESSION1"
2,"Sat, 21 Jan 2017 11:42:19 -0500",1076,"1076",3,"SESSION1"
3,"Mon, 23 Jan 2017 20:22:26 -0500",1078,"1078",4,"SESSION1"
2,"Mon, 23 Jan 2017 20:46:09 -0500",1079,"1079",4,"SESSION1"
3,"Tue, 23 Jan 2018 01:02:56 -0500",1458,"1458",3,"SESSION8"
4,"Tue, 23 Jan 2018 14:13:27 -0500",1465,"1465",3,"SESSION6"
4,"Tue, 24 Jan 2017 15:45:12 -0500",1081,"1081",3,"SESSION1"
4,"Wed, 24 Jan 2018 15:43:32 -0500",1497,"1497",4,"SESSION1"
1,"Wed, 25 Jan 2017 19:27:20 -0500",1083,"1083",3,"SESSION1"
2,"Fri, 26 Jan 2018 04:02:45 -0500",1501,"1501",3,"SESSION1"
4,"Fri, 26 Jan 2018 09:16:22 -0500",1502,"1502",3,"SESSION1"
4,"Fri, 27 Jan 2017 20:42:30 -0500",1085,"1085",4,"SESSION1"
5,"Sun, 29 Jan 2017 15:16:05 -0500",552,"552",5,"SESSION6"
3,"Mon, 29 Jan 2018 10:19:32 -0500",1497,"1497",4,"SESSION3"
3,"Mon, 30 Jan 2017 08:28:23 -0500",1078,"1078",4,"SESSION3"
3,"Tue, 31 Jan 2017 16:40:47 -0500",1090,"1090",3,"SESSION1"
4,"Wed, 31 Jan 2018 11:23:10 -0500",1480,"1480",4,"SESSION3"
3,"Fri, 01 Jul 2016 08:40:39 -0500",477,"477",2,"SESSION1"
3,"Sun, 03 Jul 2016 15:03:27 -0500",492,"492",5,"SESSION1"
2,"Mon, 04 Jul 2016 13:13:45 -0500",496,"496",3,"SESSION1"
4,"Mon, 04 Jul 2016 20:51:46 -0500",471,"471",3,"SESSION3"
4,"Wed, 04 Jul 2018 20:03:44 -0500",1714,"1714",4,"SESSION1"
4,"Wed, 05 Jul 2017 13:55:30 -0500",1247,"1247",3,"SESSION1"
4,"Wed, 06 Jul 2016 10:11:06 -0500",432,"432",4,"SESSION8"
3,"Thu, 07 Jul 2016 17:10:06 -0500",485,"485",5,"SESSION3"
3,"Fri, 07 Jul 2017 07:09:15 -0500",1248,"1248",3,"SESSION1"
3,"Fri, 08 Jul 2016 12:47:23 -0500",16,"16",3,"SESSION8"
1,"Fri, 08 Jul 2016 18:00:12 -0500",496,"496",1,"SESSION3"
2,"Fri, 08 Jul 2016 21:34:53 -0500",502,"502",2,"SESSION1"
3,"Sat, 08 Jul 2017 16:53:19 -0500",1249,"1249",3,"SESSION1"
4,"Sun, 08 Jul 2018 13:17:39 -0500",1718,"1718",4,"SESSION1"
4,"Sat, 09 Jul 2016 05:22:11 -0500",504,"504",4,"SESSION1"
1,"Mon, 10 Jul 2017 10:23:33 -0500",1250,"1250",5,"SESSION1"
3,"Mon, 11 Jul 2016 07:48:26 -0500",445,"445",4,"SESSION6"
2,"Mon, 11 Jul 2016 11:16:30 -0500",507,"507",2,"SESSION1"
3,"Mon, 11 Jul 2016 12:08:59 -0500",505,"505",5,"SESSION1"
2,"Tue, 11 Jul 2017 19:55:39 -0500",1251,"1251",4,"SESSION1"
4,"Wed, 11 Jul 2018 09:46:56 -0500",1721,"1721",4,"SESSION1"
3,"Wed, 11 Jul 2018 10:28:31 -0500",1687,"1687",3,"SESSION8"
4,"Wed, 11 Jul 2018 12:34:17 -0500",1722,"1722",3,"SESSION1"
2,"Wed, 11 Jul 2018 17:24:44 -0500",1723,"1723",4,"SESSION1"
2,"Wed, 12 Jul 2017 17:24:17 -0500",1260,"1260",3,"SESSION1"
4,"Thu, 13 Jul 2017 12:50:10 -0500",1247,"1247",4,"SESSION3"
3,"Thu, 13 Jul 2017 20:21:30 -0500",1261,"1261",2,"SESSION1"
3,"Fri, 13 Jul 2018 12:38:11 -0500",1530,"1530",4,"SESSION8"
2,"Sat, 16 Jul 2016 04:03:44 -0500",516,"516",3,"SESSION1"
3,"Mon, 17 Jul 2017 16:16:27 -0500",1260,"1260",5,"SESSION3"
4,"Tue, 17 Jul 2018 12:08:03 -0500",1306,"1306",4,"SESSION1"
3,"Tue, 17 Jul 2018 17:25:38 -0500",1726,"1726",4,"SESSION1"
3,"Wed, 20 Jul 2016 19:14:54 -0500",520,"520",4,"SESSION1"
4,"Thu, 20 Jul 2017 21:04:28 -0500",1265,"1265",4,"SESSION1"
2,"Thu, 20 Jul 2017 22:28:06 -0500",1264,"1264",4,"SESSION1"
5,"Thu, 21 Jul 2016 14:13:15 -0500",522,"522",5,"SESSION1"
4,"Thu, 21 Jul 2016 17:20:18 -0500",485,"485",5,"SESSION6"
4,"Thu, 21 Jul 2016 19:14:14 -0500",445,"445",5,"SESSION8"
3,"Sat, 21 Jul 2018 13:15:11 -0500",1730,"1730",4,"SESSION1"
3,"Fri, 22 Jul 2016 08:27:06 -0500",476,"476",4,"SESSION3"
3,"Fri, 22 Jul 2016 21:23:58 -0500",471,"471",3,"SESSION6"
2,"Sun, 22 Jul 2018 15:02:02 -0500",1732,"1732",2,"SESSION1"
3,"Mon, 24 Jul 2017 12:19:05 -0500",1267,"1267",4,"SESSION1"
3,"Mon, 24 Jul 2017 18:06:53 -0500",1260,"1260",4,"SESSION6"
1,"Tue, 24 Jul 2018 20:23:49 -0500",1733,"1733",1,"SESSION1"
2,"Tue, 25 Jul 2017 11:24:16 -0500",1268,"1268",3,"SESSION1"
4,"Wed, 26 Jul 2017 03:22:27 -0500",1271,"1271",4,"SESSION1"
4,"Thu, 26 Jul 2018 13:34:51 -0500",1721,"1721",3,"SESSION3"
4,"Thu, 26 Jul 2018 19:45:26 -0500",1730,"1730",3,"SESSION3"
3,"Wed, 27 Jul 2016 18:10:26 -0500",523,"523",3,"SESSION1"
4,"Thu, 27 Jul 2017 05:12:59 -0500",1272,"1272",4,"SESSION1"
3,"Thu, 28 Jul 2016 14:09:50 -0500",525,"525",3,"SESSION1"
3,"Fri, 28 Jul 2017 05:03:15 -0500",1277,"1277",3,"SESSION1"
3,"Fri, 28 Jul 2017 11:19:57 -0500",1287,"1287",4,"SESSION1"
3,"Fri, 28 Jul 2017 11:46:33 -0500",1286,"1286",3,"SESSION1"
3,"Fri, 29 Jul 2016 17:10:37 -0500",485,"485",4,"SESSION8"
3,"Fri, 29 Jul 2016 22:02:00 -0500",524,"524",4,"SESSION1"
3,"Sat, 29 Jul 2017 11:57:43 -0500",1290,"1290",3,"SESSION1"
4,"Sun, 29 Jul 2018 05:17:19 -0500",1737,"1737",4,"SESSION1"
3,"Sun, 29 Jul 2018 15:11:31 -0500",1732,"1732",3,"SESSION3"
2,"Sat, 29 Jul 2017 23:13:30 -0500",1293,"1293",3,"SESSION1"
2,"Sun, 30 Jul 2017 16:18:15 -0500",1292,"1292",2,"SESSION1"
3,"Sun, 30 Jul 2017 16:59:45 -0500",1260,"1260",3,"SESSION8"
4,"Mon, 31 Jul 2017 03:19:19 -0500",1283,"1283",4,"SESSION1"
4,"Wed, 01 Jun 2016 03:05:46 -0500",8,"8",4,"SESSION6"
1,"Fri, 01 Jun 2018 13:08:31 -0500",1691,"1691",4,"SESSION1"
3,"Fri, 02 Jun 2017 07:37:05 -0500",1198,"1198",2,"SESSION6"
4,"Sat, 02 Jun 2018 14:08:17 -0500",1692,"1692",3,"SESSION1"
3,"Sun, 04 Jun 2017 07:48:01 -0500",1219,"1219",3,"SESSION1"
3,"Mon, 04 Jun 2018 12:41:06 -0500",1673,"1673",4,"SESSION6"
3,"Mon, 04 Jun 2018 13:28:57 -0500",1695,"1695",3,"SESSION1"
5,"Mon, 04 Jun 2018 19:21:23 -0500",1149,"1149",5,"SESSION1"
3,"Mon, 04 Jun 2018 19:37:31 -0500",1693,"1693",4,"SESSION1"
3,"Tue, 05 Jun 2018 06:39:27 -0500",1690,"1690",5,"SESSION3"
3,"Tue, 05 Jun 2018 17:47:35 -0500",1687,"1687",3,"SESSION3"
4,"Tue, 05 Jun 2018 18:32:14 -0500",1675,"1675",4,"SESSION8"
4,"Tue, 06 Jun 2017 19:14:51 -0500",1207,"1207",4,"SESSION6"
3,"Tue, 07 Jun 2016 13:55:09 -0500",16,"16",3,"SESSION3"
4,"Thu, 08 Jun 2017 08:51:21 -0500",1219,"1219",4,"SESSION3"
2,"Thu, 08 Jun 2017 10:58:45 -0500",1075,"1075",3,"SESSION3"
3,"Thu, 08 Jun 2017 18:17:41 -0500",1230,"1230",3,"SESSION1"
5,"Thu, 09 Jun 2016 11:39:39 -0500",8,"8",5,"SESSION8"
3,"Sat, 11 Jun 2016 10:40:55 -0500",424,"424",4,"SESSION1"
4,"Sun, 12 Jun 2016 19:35:14 -0500",429,"429",3,"SESSION1"
2,"Mon, 13 Jun 2016 03:21:11 -0500",430,"430",4,"SESSION1"
4,"Mon, 13 Jun 2016 12:21:07 -0500",432,"432",4,"SESSION1"
4,"Mon, 13 Jun 2016 14:56:54 -0500",10,"10",3,"SESSION3"
2,"Tue, 13 Jun 2017 19:42:33 -0500",1233,"1233",3,"SESSION1"
2,"Thu, 14 Jun 2018 06:22:42 -0500",1690,"1690",4,"SESSION6"
3,"Wed, 15 Jun 2016 11:26:01 -0500",442,"442",3,"SESSION1"
3,"Sat, 16 Jun 2018 14:00:52 -0500",1704,"1704",5,"SESSION1"
3,"Sat, 16 Jun 2018 14:03:24 -0500",1705,"1705",3,"SESSION1"
4,"Fri, 17 Jun 2016 13:28:31 -0500",432,"432",4,"SESSION3"
2,"Fri, 17 Jun 2016 14:21:45 -0500",449,"449",2,"SESSION1"
4,"Fri, 17 Jun 2016 15:53:57 -0500",445,"445",5,"SESSION1"
4,"Mon, 19 Jun 2017 14:10:52 -0500",1237,"1237",4,"SESSION1"
3,"Wed, 20 Jun 2018 10:21:15 -0500",1687,"1687",3,"SESSION6"
3,"Wed, 21 Jun 2017 04:54:40 -0500",1235,"1235",3,"SESSION1"
3,"Wed, 22 Jun 2016 15:02:43 -0500",16,"16",3,"SESSION6"
2,"Sat, 23 Jun 2018 08:03:29 -0500",1690,"1690",4,"SESSION8"
5,"Sat, 23 Jun 2018 11:11:11 -0500",1704,"1704",5,"SESSION3"
4,"Fri, 24 Jun 2016 14:46:34 -0500",445,"445",4,"SESSION3"
1,"Fri, 24 Jun 2016 18:38:44 -0500",465,"465",1,"SESSION1"
2,"Fri, 24 Jun 2016 20:23:38 -0500",460,"460",4,"SESSION1"
2,"Sun, 25 Jun 2017 05:18:25 -0500",1240,"1240",3,"SESSION1"
5,"Mon, 27 Jun 2016 18:16:51 -0500",470,"470",4,"SESSION1"
2,"Tue, 28 Jun 2016 09:13:20 -0500",475,"475",5,"SESSION1"
3,"Tue, 28 Jun 2016 16:02:06 -0500",480,"480",3,"SESSION1"
4,"Wed, 29 Jun 2016 00:14:00 -0500",471,"471",4,"SESSION1"
3,"Wed, 29 Jun 2016 10:59:11 -0500",460,"460",4,"SESSION3"
2,"Wed, 29 Jun 2016 17:51:34 -0500",484,"484",3,"SESSION1"
3,"Wed, 29 Jun 2016 18:20:08 -0500",485,"485",4,"SESSION1"
3,"Thu, 29 Jun 2017 12:47:05 -0500",1198,"1198",3,"SESSION8"
4,"Thu, 30 Jun 2016 05:13:09 -0500",476,"476",5,"SESSION1"
4,"Thu, 30 Jun 2016 08:09:54 -0500",432,"432",4,"SESSION6"
3,"Thu, 01 Mar 2018 10:26:07 -0500",1526,"1526",4,"SESSION8"
2,"Thu, 01 Mar 2018 19:30:04 -0500",1574,"1574",2,"SESSION1"
2,"Thu, 02 Mar 2017 09:50:08 -0500",1128,"1128",3,"SESSION1"
3,"Thu, 02 Mar 2017 19:43:03 -0500",1129,"1129",3,"SESSION1"
4,"Sat, 03 Mar 2018 16:49:18 -0500",1577,"1577",4,"SESSION1"
5,"Mon, 05 Mar 2018 04:05:27 -0500",1569,"1569",5,"SESSION1"
3,"Mon, 05 Mar 2018 10:52:46 -0500",1476,"1476",3,"SESSION6"
3,"Mon, 05 Mar 2018 11:24:15 -0500",1480,"1480",3,"SESSION8"
2,"Mon, 05 Mar 2018 16:14:14 -0500",1584,"1584",4,"SESSION1"
2,"Mon, 06 Mar 2017 00:51:27 -0500",1109,"1109",3,"SESSION6"
2,"Tue, 07 Mar 2017 10:38:27 -0500",1134,"1134",4,"SESSION1"
2,"Thu, 08 Mar 2018 08:39:03 -0500",1574,"1574",1,"SESSION3"
3,"Fri, 09 Mar 2018 14:02:43 -0500",1530,"1530",4,"SESSION3"
5,"Fri, 10 Mar 2017 10:38:39 -0500",1059,"1059",5,"SESSION3"
3,"Fri, 10 Mar 2017 16:27:12 -0500",1139,"1139",3,"SESSION1"
2,"Sat, 10 Mar 2018 09:00:03 -0500",1591,"1591",3,"SESSION1"
4,"Sat, 11 Mar 2017 12:51:44 -0500",1121,"1121",4,"SESSION3"
4,"Sun, 11 Mar 2018 09:20:52 -0500",1575,"1575",4,"SESSION1"
2,"Sun, 11 Mar 2018 10:41:21 -0500",1593,"1593",3,"SESSION1"
3,"Sun, 11 Mar 2018 17:45:47 -0500",1594,"1594",3,"SESSION1"
4,"Mon, 13 Mar 2017 02:14:20 -0500",1140,"1140",5,"SESSION1"
2,"Tue, 14 Mar 2017 22:50:14 -0500",1109,"1109",2,"SESSION8"
3,"Thu, 15 Mar 2018 22:09:48 -0500",1600,"1600",4,"SESSION1"
2,"Fri, 16 Mar 2018 19:52:24 -0500",1601,"1601",3,"SESSION1"
3,"Fri, 17 Mar 2017 09:06:43 -0500",1128,"1128",3,"SESSION3"
4,"Sat, 17 Mar 2018 11:44:48 -0500",1603,"1603",3,"SESSION1"
4,"Sun, 18 Mar 2018 10:55:49 -0500",1606,"1606",4,"SESSION1"
3,"Sun, 19 Mar 2017 04:03:34 -0500",1147,"1147",4,"SESSION1"
3,"Tue, 21 Mar 2017 10:21:42 -0500",1133,"1133",3,"SESSION1"
4,"Wed, 21 Mar 2018 14:50:05 -0500",1603,"1603",3,"SESSION3"
3,"Fri, 23 Mar 2018 01:22:50 -0500",1610,"1610",3,"SESSION1"
2,"Fri, 24 Mar 2017 15:45:10 -0500",1069,"1069",3,"SESSION8"
4,"Fri, 24 Mar 2017 19:57:50 -0500",1121,"1121",4,"SESSION6"
3,"Sat, 25 Mar 2017 15:29:32 -0500",1133,"1133",3,"SESSION3"
3,"Sat, 25 Mar 2017 22:21:15 -0500",1155,"1155",3,"SESSION1"
2,"Mon, 27 Mar 2017 10:32:16 -0500",1156,"1156",2,"SESSION1"
2,"Tue, 27 Mar 2018 10:00:12 -0500",1617,"1617",3,"SESSION1"
1,"Tue, 27 Mar 2018 20:01:50 -0500",1601,"1601",4,"SESSION3"
4,"Wed, 28 Mar 2018 04:01:23 -0500",1603,"1603",4,"SESSION6"
4,"Wed, 28 Mar 2018 19:55:46 -0500",1619,"1619",4,"SESSION1"
3,"Wed, 28 Mar 2018 20:03:03 -0500",1574,"1574",2,"SESSION6"
2,"Thu, 29 Mar 2018 13:16:29 -0500",1620,"1620",4,"SESSION1"
5,"Thu, 30 Mar 2017 13:38:56 -0500",1059,"1059",5,"SESSION6"
4,"Sat, 31 Mar 2018 22:07:42 -0500",1623,"1623",5,"SESSION1"
5,"Tue, 01 May 2018 14:39:57 -0500",1614,"1614",5,"SESSION1"
2,"Thu, 03 May 2018 20:18:29 -0500",1646,"1646",4,"SESSION3"
5,"Fri, 04 May 2018 08:47:26 -0500",1662,"1662",4,"SESSION3"
4,"Fri, 04 May 2018 15:37:19 -0500",1654,"1654",3,"SESSION6"
4,"Sat, 05 May 2018 11:15:35 -0500",1666,"1666",3,"SESSION1"
4,"Mon, 07 May 2018 12:54:24 -0500",1667,"1667",4,"SESSION1"
2,"Mon, 07 May 2018 13:41:13 -0500",1668,"1668",3,"SESSION1"
4,"Tue, 08 May 2018 18:28:31 -0500",1670,"1670",3,"SESSION1"
2,"Tue, 09 May 2017 00:55:12 -0500",1194,"1194",2,"SESSION1"
3,"Thu, 10 May 2018 12:23:10 -0500",1673,"1673",4,"SESSION1"
3,"Thu, 10 May 2018 16:44:07 -0500",1675,"1675",4,"SESSION1"
3,"Thu, 11 May 2017 08:50:30 -0500",1198,"1198",4,"SESSION1"
3,"Thu, 12 May 2016 22:31:13 -0500",10,"10",3,"SESSION1"
3,"Sat, 12 May 2018 03:13:33 -0500",1677,"1677",5,"SESSION1"
4,"Sat, 12 May 2018 14:54:21 -0500",1678,"1678",3,"SESSION1"
3,"Sun, 13 May 2018 06:57:14 -0500",1654,"1654",4,"SESSION8"
3,"Mon, 14 May 2018 12:35:58 -0500",1662,"1662",4,"SESSION6"
4,"Mon, 14 May 2018 17:43:36 -0500",1675,"1675",4,"SESSION3"
4,"Mon, 16 May 2016 14:24:21 -0500",15,"15",3,"SESSION1"
2,"Wed, 17 May 2017 21:14:33 -0500",1200,"1200",2,"SESSION1"
4,"Wed, 18 May 2016 20:49:41 -0500",8,"8",5,"SESSION1"
3,"Thu, 18 May 2017 08:23:32 -0500",1198,"1198",4,"SESSION3"
3,"Fri, 18 May 2018 12:55:32 -0500",1681,"1681",4,"SESSION1"
3,"Thu, 19 May 2016 18:52:31 -0500",16,"16",3,"SESSION1"
4,"Fri, 19 May 2017 16:33:40 -0500",1059,"1059",4,"SESSION8"
1,"Sat, 20 May 2017 16:12:32 -0500",733,"733",2,"SESSION1"
3,"Sun, 21 May 2017 15:07:26 -0500",1202,"1202",3,"SESSION1"
4,"Mon, 21 May 2018 15:04:58 -0500",1530,"1530",4,"SESSION6"
3,"Mon, 21 May 2018 18:35:08 -0500",1673,"1673",4,"SESSION3"
5,"Mon, 23 May 2016 20:19:14 -0500",8,"8",5,"SESSION3"
3,"Wed, 24 May 2017 15:51:46 -0500",1206,"1206",3,"SESSION1"
4,"Thu, 24 May 2018 20:34:47 -0500",1675,"1675",4,"SESSION6"
3,"Thu, 24 May 2018 21:52:20 -0500",1684,"1684",2,"SESSION1"
3,"Thu, 25 May 2017 07:16:14 -0500",1207,"1207",3,"SESSION1"
2,"Fri, 26 May 2017 15:27:35 -0500",739,"739",3,"SESSION1"
3,"Mon, 29 May 2017 13:24:59 -0500",1207,"1207",3,"SESSION3"
4,"Tue, 29 May 2018 11:31:16 -0500",1662,"1662",4,"SESSION8"
3,"Tue, 30 May 2017 13:49:07 -0500",1214,"1214",4,"SESSION1"
2,"Wed, 30 May 2018 08:06:51 -0500",1687,"1687",4,"SESSION1"
3,"Thu, 31 May 2018 18:49:23 -0500",1690,"1690",5,"SESSION1"
1,"Tue, 01 Nov 2016 09:23:14 -0500",970,"970",2,"SESSION1"
3,"Tue, 01 Nov 2016 21:51:35 -0500",974,"974",4,"SESSION1"
3,"Wed, 01 Nov 2017 17:54:59 -0500",1354,"1354",4,"SESSION8"
3,"Wed, 02 Nov 2016 13:29:52 -0500",817,"817",4,"SESSION6"
3,"Wed, 02 Nov 2016 16:22:09 -0500",976,"976",4,"SESSION1"
3,"Thu, 02 Nov 2017 20:36:49 -0500",1405,"1405",3,"SESSION1"
2,"Thu, 03 Nov 2016 00:11:19 -0500",979,"979",4,"SESSION1"
3,"Thu, 03 Nov 2016 13:13:05 -0500",881,"881",4,"SESSION1"
1,"Fri, 03 Nov 2017 03:17:53 -0500",1406,"1406",2,"SESSION1"
3,"Sat, 03 Nov 2018 05:05:54 -0500",1908,"1908",4,"SESSION1"
3,"Fri, 04 Nov 2016 07:14:53 -0500",958,"958",3,"SESSION3"
3,"Sat, 04 Nov 2017 17:58:02 -0500",1401,"1401",4,"SESSION3"
3,"Sun, 04 Nov 2018 20:03:34 -0500",1910,"1910",3,"SESSION1"
3,"Sat, 05 Nov 2016 14:28:49 -0500",981,"981",4,"SESSION1"
3,"Sat, 05 Nov 2016 16:13:42 -0500",795,"795",3,"SESSION6"
3,"Sun, 05 Nov 2017 17:41:06 -0500",1408,"1408",3,"SESSION1"
4,"Sun, 05 Nov 2017 21:59:39 -0500",1410,"1410",3,"SESSION1"
3,"Sun, 06 Nov 2016 11:57:24 -0500",982,"982",5,"SESSION1"
2,"Sun, 06 Nov 2016 16:06:31 -0500",983,"983",4,"SESSION1"
1,"Sun, 06 Nov 2016 17:37:18 -0500",844,"844",3,"SESSION6"
2,"Mon, 06 Nov 2017 11:51:55 -0500",1411,"1411",2,"SESSION1"
3,"Mon, 07 Nov 2016 18:02:33 -0500",897,"897",4,"SESSION3"
4,"Mon, 07 Nov 2016 22:37:45 -0500",920,"920",5,"SESSION6"
4,"Mon, 07 Nov 2016 22:43:51 -0500",985,"985",4,"SESSION1"
4,"Tue, 08 Nov 2016 10:40:30 -0500",818,"818",4,"SESSION6"
3,"Tue, 08 Nov 2016 18:16:58 -0500",879,"879",3,"SESSION6"
2,"Wed, 08 Nov 2017 04:48:05 -0500",1412,"1412",2,"SESSION1"
4,"Wed, 08 Nov 2017 19:35:54 -0500",1376,"1376",4,"SESSION3"
3,"Wed, 09 Nov 2016 13:41:47 -0500",989,"989",3,"SESSION1"
3,"Wed, 09 Nov 2016 15:18:52 -0500",978,"978",3,"SESSION1"
3,"Thu, 09 Nov 2017 15:49:02 -0500",1415,"1415",4,"SESSION1"
3,"Thu, 10 Nov 2016 10:12:29 -0500",864,"864",3,"SESSION6"
2,"Thu, 10 Nov 2016 23:18:24 -0500",997,"997",4,"SESSION1"
3,"Fri, 11 Nov 2016 18:52:32 -0500",683,"683",3,"SESSION8"
4,"Sat, 11 Nov 2017 00:19:34 -0500",1416,"1416",3,"SESSION1"
2,"Sat, 11 Nov 2017 21:01:07 -0500",1417,"1417",3,"SESSION1"
4,"Sun, 11 Nov 2018 09:48:50 -0500",1912,"1912",3,"SESSION1"
4,"Sat, 12 Nov 2016 01:10:32 -0500",998,"998",4,"SESSION1"
5,"Sun, 13 Nov 2016 09:43:22 -0500",997,"997",4,"SESSION3"
2,"Sun, 13 Nov 2016 13:07:46 -0500",982,"982",4,"SESSION3"
3,"Sun, 13 Nov 2016 22:42:21 -0500",920,"920",5,"SESSION8"
3,"Mon, 13 Nov 2017 06:38:45 -0500",1405,"1405",3,"SESSION3"
3,"Mon, 13 Nov 2017 13:46:03 -0500",1413,"1413",4,"SESSION1"
3,"Tue, 13 Nov 2018 08:18:27 -0500",1910,"1910",3,"SESSION3"
4,"Mon, 14 Nov 2016 16:00:35 -0500",989,"989",3,"SESSION3"
3,"Mon, 14 Nov 2016 17:37:09 -0500",995,"995",3,"SESSION1"
5,"Tue, 14 Nov 2017 15:21:38 -0500",1419,"1419",5,"SESSION1"
3,"Tue, 15 Nov 2016 22:28:50 -0500",1009,"1009",3,"SESSION1"
3,"Wed, 16 Nov 2016 01:42:00 -0500",981,"981",4,"SESSION3"
2,"Wed, 16 Nov 2016 17:59:30 -0500",844,"844",3,"SESSION8"
4,"Fri, 16 Nov 2018 13:08:05 -0500",1919,"1919",4,"SESSION1"
4,"Thu, 17 Nov 2016 06:38:49 -0500",1012,"1012",4,"SESSION1"
2,"Thu, 17 Nov 2016 13:05:45 -0500",985,"985",4,"SESSION3"
4,"Thu, 17 Nov 2016 15:25:42 -0500",1013,"1013",5,"SESSION1"
2,"Fri, 18 Nov 2016 15:17:44 -0500",879,"879",3,"SESSION8"
4,"Sat, 19 Nov 2016 14:52:48 -0500",1016,"1016",4,"SESSION1"
3,"Sun, 20 Nov 2016 03:35:15 -0500",1018,"1018",3,"SESSION1"
5,"Mon, 21 Nov 2016 15:54:49 -0500",1019,"1019",5,"SESSION1"
3,"Thu, 22 Nov 2018 23:27:56 -0500",1910,"1910",4,"SESSION6"
1,"Sat, 24 Nov 2018 01:47:40 -0500",1927,"1927",1,"SESSION1"
4,"Sat, 24 Nov 2018 12:43:44 -0500",1866,"1866",4,"SESSION1"
4,"Sat, 24 Nov 2018 20:36:57 -0500",1923,"1923",4,"SESSION1"
3,"Sun, 26 Nov 2017 18:12:07 -0500",1426,"1426",4,"SESSION1"
3,"Mon, 26 Nov 2018 06:57:13 -0500",1928,"1928",4,"SESSION1"
4,"Sun, 27 Nov 2016 00:04:01 -0500",1016,"1016",4,"SESSION3"
4,"Sun, 27 Nov 2016 13:18:37 -0500",995,"995",4,"SESSION3"
3,"Sun, 27 Nov 2016 17:59:07 -0500",966,"966",4,"SESSION3"
4,"Sun, 27 Nov 2016 21:21:30 -0500",997,"997",4,"SESSION6"
3,"Mon, 27 Nov 2017 20:34:40 -0500",1428,"1428",4,"SESSION1"
5,"Mon, 28 Nov 2016 10:04:12 -0500",889,"889",5,"SESSION3"
4,"Tue, 28 Nov 2017 21:38:54 -0500",1434,"1434",4,"SESSION1"
3,"Wed, 28 Nov 2018 11:36:46 -0500",1932,"1932",4,"SESSION1"
4,"Wed, 28 Nov 2018 17:55:38 -0500",1933,"1933",5,"SESSION1"
3,"Wed, 29 Nov 2017 06:33:23 -0500",1405,"1405",3,"SESSION6"
3,"Wed, 29 Nov 2017 09:18:04 -0500",1415,"1415",3,"SESSION3"
3,"Wed, 29 Nov 2017 12:23:11 -0500",1436,"1436",2,"SESSION1"
2,"Wed, 29 Nov 2017 14:16:42 -0500",1437,"1437",2,"SESSION1"
2,"Thu, 29 Nov 2018 22:37:33 -0500",1910,"1910",3,"SESSION8"
2,"Sat, 01 Oct 2016 10:54:41 -0500",705,"705",3,"SESSION3"
3,"Sat, 01 Oct 2016 18:45:04 -0500",708,"708",3,"SESSION6"
4,"Sat, 01 Oct 2016 19:42:31 -0500",815,"815",4,"SESSION1"
3,"Mon, 01 Oct 2018 02:56:49 -0500",1833,"1833",4,"SESSION1"
5,"Mon, 01 Oct 2018 16:30:43 -0500",1857,"1857",5,"SESSION1"
2,"Sun, 02 Oct 2016 11:29:24 -0500",771,"771",2,"SESSION3"
3,"Mon, 03 Oct 2016 16:50:30 -0500",817,"817",4,"SESSION1"
3,"Mon, 03 Oct 2016 21:08:52 -0500",787,"787",3,"SESSION3"
3,"Mon, 03 Oct 2016 21:31:29 -0500",766,"766",3,"SESSION1"
3,"Tue, 03 Oct 2017 09:10:39 -0500",1354,"1354",4,"SESSION3"
3,"Tue, 04 Oct 2016 09:24:46 -0500",818,"818",3,"SESSION1"
3,"Tue, 04 Oct 2016 10:39:00 -0500",644,"644",3,"SESSION6"
3,"Thu, 04 Oct 2018 05:28:26 -0500",1824,"1824",4,"SESSION3"
3,"Thu, 04 Oct 2018 17:49:34 -0500",1806,"1806",3,"SESSION6"
3,"Thu, 05 Oct 2017 22:05:57 -0500",1360,"1360",3,"SESSION3"
4,"Fri, 05 Oct 2018 01:10:01 -0500",1865,"1865",3,"SESSION1"
3,"Thu, 06 Oct 2016 02:45:59 -0500",776,"776",2,"SESSION3"
2,"Thu, 06 Oct 2016 19:58:23 -0500",826,"826",2,"SESSION1"
2,"Thu, 06 Oct 2016 22:39:57 -0500",827,"827",3,"SESSION1"
3,"Fri, 06 Oct 2017 05:39:02 -0500",1385,"1385",4,"SESSION1"
3,"Fri, 06 Oct 2017 12:27:10 -0500",1380,"1380",5,"SESSION1"
3,"Sat, 06 Oct 2018 01:00:06 -0500",1804,"1804",3,"SESSION8"
3,"Sat, 06 Oct 2018 20:43:45 -0500",1811,"1811",4,"SESSION8"
3,"Fri, 07 Oct 2016 07:34:03 -0500",799,"799",3,"SESSION3"
2,"Fri, 07 Oct 2016 14:27:44 -0500",829,"829",4,"SESSION1"
4,"Fri, 07 Oct 2016 20:58:12 -0500",831,"831",4,"SESSION1"
1,"Sat, 08 Oct 2016 11:32:05 -0500",781,"781",3,"SESSION6"
3,"Sat, 08 Oct 2016 14:00:26 -0500",674,"674",3,"SESSION8"
4,"Mon, 08 Oct 2018 07:21:57 -0500",1772,"1772",4,"SESSION8"
3,"Sun, 09 Oct 2016 00:03:46 -0500",795,"795",4,"SESSION3"
3,"Mon, 10 Oct 2016 10:36:50 -0500",644,"644",3,"SESSION8"
4,"Mon, 10 Oct 2016 14:26:41 -0500",683,"683",4,"SESSION6"
5,"Mon, 10 Oct 2016 18:53:00 -0500",835,"835",5,"SESSION1"
4,"Wed, 10 Oct 2018 11:42:22 -0500",1872,"1872",4,"SESSION1"
3,"Wed, 10 Oct 2018 18:22:44 -0500",1874,"1874",4,"SESSION1"
3,"Tue, 11 Oct 2016 17:41:15 -0500",787,"787",3,"SESSION6"
4,"Wed, 12 Oct 2016 06:52:52 -0500",821,"821",4,"SESSION1"
2,"Wed, 12 Oct 2016 17:29:06 -0500",826,"826",1,"SESSION3"
1,"Wed, 12 Oct 2016 20:33:36 -0500",781,"781",3,"SESSION8"
4,"Thu, 12 Oct 2017 12:37:07 -0500",1327,"1327",4,"SESSION8"
3,"Thu, 13 Oct 2016 20:03:11 -0500",818,"818",4,"SESSION3"
3,"Fri, 13 Oct 2017 16:59:25 -0500",1385,"1385",4,"SESSION3"
4,"Fri, 14 Oct 2016 13:47:12 -0500",817,"817",3,"SESSION3"
5,"Fri, 14 Oct 2016 16:01:49 -0500",841,"841",4,"SESSION1"
5,"Sat, 14 Oct 2017 19:09:44 -0500",1389,"1389",2,"SESSION1"
3,"Sun, 14 Oct 2018 11:09:33 -0500",1806,"1806",4,"SESSION8"
4,"Sun, 14 Oct 2018 13:18:08 -0500",1877,"1877",3,"SESSION1"
3,"Sun, 14 Oct 2018 21:03:06 -0500",1879,"1879",3,"SESSION1"
4,"Sat, 15 Oct 2016 22:34:49 -0500",842,"842",4,"SESSION1"
1,"Sun, 16 Oct 2016 06:26:58 -0500",844,"844",4,"SESSION1"
3,"Mon, 17 Oct 2016 13:01:45 -0500",849,"849",3,"SESSION1"
3,"Mon, 17 Oct 2016 22:44:06 -0500",701,"701",3,"SESSION6"
3,"Wed, 17 Oct 2018 14:03:08 -0500",1886,"1886",3,"SESSION1"
2,"Tue, 18 Oct 2016 21:07:04 -0500",787,"787",3,"SESSION8"
2,"Thu, 18 Oct 2018 16:42:08 -0500",1889,"1889",4,"SESSION1"
5,"Thu, 18 Oct 2018 21:31:06 -0500",1890,"1890",5,"SESSION1"
3,"Wed, 19 Oct 2016 08:17:39 -0500",856,"856",3,"SESSION1"
2,"Wed, 19 Oct 2016 08:45:31 -0500",853,"853",4,"SESSION1"
1,"Wed, 19 Oct 2016 09:03:52 -0500",859,"859",1,"SESSION1"
3,"Wed, 19 Oct 2016 10:11:58 -0500",863,"863",3,"SESSION1"
4,"Wed, 19 Oct 2016 14:36:47 -0500",855,"855",4,"SESSION1"
3,"Wed, 19 Oct 2016 17:39:42 -0500",864,"864",3,"SESSION1"
3,"Wed, 19 Oct 2016 19:53:18 -0500",884,"884",3,"SESSION1"
3,"Thu, 20 Oct 2016 09:27:13 -0500",894,"894",4,"SESSION1"
3,"Thu, 20 Oct 2016 11:06:13 -0500",850,"850",3,"SESSION1"
4,"Thu, 20 Oct 2016 11:46:52 -0500",906,"906",4,"SESSION1"
3,"Thu, 20 Oct 2016 12:38:51 -0500",914,"914",4,"SESSION1"
2,"Thu, 20 Oct 2016 15:05:40 -0500",909,"909",4,"SESSION1"
3,"Thu, 20 Oct 2016 16:39:48 -0500",597,"597",3,"SESSION3"
2,"Thu, 20 Oct 2016 17:06:03 -0500",879,"879",3,"SESSION1"
3,"Thu, 20 Oct 2016 17:10:40 -0500",917,"917",4,"SESSION1"
3,"Thu, 20 Oct 2016 19:12:58 -0500",735,"735",4,"SESSION1"
3,"Thu, 20 Oct 2016 19:50:53 -0500",919,"919",3,"SESSION1"
3,"Thu, 20 Oct 2016 20:21:36 -0500",920,"920",5,"SESSION1"
5,"Thu, 20 Oct 2016 20:22:19 -0500",912,"912",4,"SESSION1"
4,"Fri, 21 Oct 2016 10:42:02 -0500",889,"889",4,"SESSION1"
3,"Fri, 21 Oct 2016 11:40:08 -0500",856,"856",4,"SESSION3"
3,"Fri, 21 Oct 2016 16:01:48 -0500",897,"897",4,"SESSION1"
2,"Fri, 21 Oct 2016 17:23:14 -0500",799,"799",3,"SESSION6"
2,"Fri, 21 Oct 2016 22:30:31 -0500",931,"931",2,"SESSION1"
3,"Sat, 22 Oct 2016 16:42:31 -0500",927,"927",3,"SESSION1"
3,"Sun, 22 Oct 2017 07:23:53 -0500",1385,"1385",4,"SESSION6"
3,"Sun, 22 Oct 2017 13:03:05 -0500",1397,"1397",4,"SESSION1"
3,"Sun, 22 Oct 2017 19:27:57 -0500",1376,"1376",3,"SESSION1"
3,"Mon, 22 Oct 2018 10:47:39 -0500",1893,"1893",3,"SESSION1"
3,"Sun, 23 Oct 2016 05:01:44 -0500",933,"933",3,"SESSION1"
5,"Sun, 23 Oct 2016 05:11:13 -0500",934,"934",5,"SESSION1"
2,"Sun, 23 Oct 2016 15:55:52 -0500",844,"844",2,"SESSION3"
5,"Sun, 23 Oct 2016 19:56:30 -0500",835,"835",5,"SESSION3"
3,"Sun, 22 Oct 2017 23:02:21 -0500",1374,"1374",4,"SESSION3"
3,"Mon, 23 Oct 2017 17:07:33 -0500",1398,"1398",3,"SESSION1"
2,"Tue, 23 Oct 2018 21:07:02 -0500",1876,"1876",2,"SESSION1"
2,"Tue, 23 Oct 2018 22:40:14 -0500",1895,"1895",2,"SESSION1"
2,"Sun, 23 Oct 2016 23:56:09 -0500",938,"938",4,"SESSION1"
2,"Mon, 24 Oct 2016 10:12:42 -0500",939,"939",2,"SESSION1"
4,"Mon, 24 Oct 2016 21:27:36 -0500",943,"943",4,"SESSION1"
2,"Wed, 24 Oct 2018 15:52:55 -0500",1889,"1889",3,"SESSION3"
3,"Tue, 25 Oct 2016 07:06:53 -0500",864,"864",3,"SESSION3"
4,"Tue, 25 Oct 2016 16:32:52 -0500",948,"948",4,"SESSION1"
3,"Thu, 25 Oct 2018 16:33:31 -0500",1897,"1897",3,"SESSION1"
4,"Wed, 26 Oct 2016 15:29:25 -0500",952,"952",4,"SESSION1"
3,"Thu, 27 Oct 2016 08:39:56 -0500",920,"920",4,"SESSION3"
3,"Thu, 27 Oct 2016 08:49:11 -0500",909,"909",4,"SESSION3"
4,"Fri, 27 Oct 2017 09:14:22 -0500",1399,"1399",4,"SESSION1"
3,"Fri, 27 Oct 2017 12:12:40 -0500",1401,"1401",3,"SESSION1"
3,"Fri, 28 Oct 2016 22:42:29 -0500",962,"962",3,"SESSION1"
4,"Sat, 28 Oct 2017 09:19:19 -0500",1267,"1267",3,"SESSION6"
3,"Sat, 28 Oct 2017 11:32:14 -0500",1385,"1385",3,"SESSION8"
3,"Sat, 28 Oct 2017 17:09:00 -0500",1354,"1354",3,"SESSION6"
2,"Sat, 29 Oct 2016 14:35:15 -0500",879,"879",2,"SESSION3"
3,"Sat, 29 Oct 2016 21:13:39 -0500",966,"966",4,"SESSION1"
3,"Sun, 29 Oct 2017 13:20:27 -0500",1403,"1403",2,"SESSION1"
3,"Mon, 29 Oct 2018 19:03:17 -0500",1901,"1901",2,"SESSION1"
3,"Sun, 30 Oct 2016 09:53:08 -0500",935,"935",3,"SESSION1"
3,"Sun, 30 Oct 2016 11:32:06 -0500",931,"931",3,"SESSION3"
3,"Mon, 31 Oct 2016 04:07:24 -0500",958,"958",3,"SESSION1"
3,"Mon, 31 Oct 2016 20:32:49 -0500",701,"701",3,"SESSION8"
3,"Mon, 31 Oct 2016 21:51:16 -0500",723,"723",3,"SESSION6"
2,"Wed, 31 Oct 2018 08:09:28 -0500",1903,"1903",3,"SESSION1"
4,"Fri, 02 Sep 2016 23:19:24 -0500",612,"612",4,"SESSION1"
4,"Mon, 03 Sep 2018 11:54:34 -0500",1803,"1803",4,"SESSION1"
5,"Tue, 04 Sep 2018 15:15:36 -0500",1704,"1704",5,"SESSION6"
2,"Mon, 05 Sep 2016 11:41:46 -0500",613,"613",2,"SESSION1"
3,"Tue, 05 Sep 2017 12:47:04 -0500",1327,"1327",4,"SESSION3"
3,"Wed, 05 Sep 2018 09:28:45 -0500",1806,"1806",4,"SESSION1"
2,"Wed, 05 Sep 2018 14:06:42 -0500",1807,"1807",3,"SESSION1"
4,"Wed, 05 Sep 2018 16:18:02 -0500",1754,"1754",4,"SESSION6"
3,"Tue, 06 Sep 2016 17:23:49 -0500",584,"584",3,"SESSION3"
3,"Tue, 06 Sep 2016 20:04:23 -0500",541,"541",3,"SESSION6"
3,"Thu, 06 Sep 2018 16:11:26 -0500",1809,"1809",3,"SESSION1"
4,"Wed, 07 Sep 2016 18:52:21 -0500",615,"615",4,"SESSION1"
4,"Wed, 07 Sep 2016 21:01:45 -0500",617,"617",4,"SESSION1"
3,"Fri, 07 Sep 2018 06:42:41 -0500",1785,"1785",4,"SESSION1"
3,"Fri, 07 Sep 2018 21:28:00 -0500",1811,"1811",3,"SESSION1"
2,"Thu, 08 Sep 2016 19:00:32 -0500",621,"621",3,"SESSION1"
4,"Fri, 08 Sep 2017 16:16:17 -0500",1340,"1340",3,"SESSION1"
4,"Sat, 08 Sep 2018 01:04:18 -0500",1804,"1804",3,"SESSION1"
4,"Sat, 10 Sep 2016 08:50:10 -0500",617,"617",3,"SESSION3"
4,"Sat, 10 Sep 2016 15:38:55 -0500",623,"623",4,"SESSION1"
3,"Mon, 10 Sep 2018 18:01:14 -0500",1803,"1803",4,"SESSION3"
3,"Tue, 11 Sep 2018 02:23:06 -0500",1772,"1772",3,"SESSION3"
5,"Tue, 11 Sep 2018 14:01:09 -0500",1737,"1737",3,"SESSION8"
4,"Tue, 13 Sep 2016 08:13:22 -0500",552,"552",4,"SESSION3"
4,"Tue, 13 Sep 2016 18:23:03 -0500",623,"623",3,"SESSION3"
5,"Thu, 13 Sep 2018 16:02:54 -0500",1822,"1822",4,"SESSION1"
4,"Thu, 13 Sep 2018 19:27:00 -0500",1804,"1804",3,"SESSION3"
3,"Tue, 13 Sep 2016 23:04:57 -0500",620,"620",4,"SESSION1"
3,"Wed, 14 Sep 2016 17:25:11 -0500",625,"625",4,"SESSION1"
3,"Fri, 14 Sep 2018 12:05:28 -0500",1824,"1824",4,"SESSION1"
3,"Fri, 14 Sep 2018 16:23:43 -0500",1754,"1754",2,"SESSION8"
2,"Fri, 15 Sep 2017 11:10:20 -0500",1349,"1349",3,"SESSION1"
4,"Fri, 15 Sep 2017 14:39:44 -0500",1340,"1340",4,"SESSION3"
2,"Sat, 15 Sep 2018 13:39:11 -0500",1829,"1829",3,"SESSION1"
3,"Fri, 16 Sep 2016 09:05:46 -0500",644,"644",3,"SESSION1"
3,"Fri, 16 Sep 2016 10:33:51 -0500",660,"660",3,"SESSION1"
4,"Fri, 16 Sep 2016 11:13:56 -0500",663,"663",4,"SESSION1"
3,"Fri, 16 Sep 2016 12:07:25 -0500",670,"670",5,"SESSION1"
3,"Fri, 16 Sep 2016 12:31:33 -0500",671,"671",4,"SESSION1"
3,"Fri, 16 Sep 2016 12:40:05 -0500",667,"667",3,"SESSION1"
3,"Fri, 16 Sep 2016 13:36:39 -0500",674,"674",3,"SESSION1"
2,"Fri, 16 Sep 2016 13:40:23 -0500",668,"668",4,"SESSION1"
3,"Fri, 16 Sep 2016 14:19:52 -0500",679,"679",2,"SESSION1"
3,"Fri, 16 Sep 2016 14:46:21 -0500",683,"683",3,"SESSION1"
4,"Fri, 16 Sep 2016 18:22:58 -0500",669,"669",4,"SESSION1"
4,"Fri, 16 Sep 2016 23:54:18 -0500",701,"701",4,"SESSION1"
1,"Sat, 17 Sep 2016 06:16:52 -0500",655,"655",3,"SESSION1"
3,"Sat, 17 Sep 2016 11:24:30 -0500",582,"582",3,"SESSION6"
2,"Sat, 17 Sep 2016 11:38:09 -0500",709,"709",4,"SESSION1"
2,"Sat, 17 Sep 2016 15:47:25 -0500",657,"657",3,"SESSION1"
2,"Sat, 17 Sep 2016 15:53:58 -0500",715,"715",3,"SESSION1"
3,"Sat, 17 Sep 2016 17:41:01 -0500",714,"714",2,"SESSION1"
4,"Sat, 17 Sep 2016 19:10:33 -0500",719,"719",4,"SESSION1"
3,"Sun, 18 Sep 2016 01:14:37 -0500",723,"723",4,"SESSION1"
2,"Sun, 18 Sep 2016 03:26:12 -0500",705,"705",4,"SESSION1"
3,"Sun, 18 Sep 2016 06:16:02 -0500",712,"712",3,"SESSION1"
3,"Sun, 18 Sep 2016 11:25:26 -0500",708,"708",4,"SESSION1"
3,"Sun, 18 Sep 2016 13:26:38 -0500",728,"728",3,"SESSION1"
2,"Sun, 18 Sep 2016 13:38:58 -0500",716,"716",3,"SESSION1"
4,"Sun, 18 Sep 2016 16:38:02 -0500",623,"623",4,"SESSION6"
4,"Sun, 18 Sep 2016 17:39:27 -0500",625,"625",4,"SESSION3"
2,"Mon, 18 Sep 2017 03:14:51 -0500",1352,"1352",4,"SESSION1"
3,"Sun, 18 Sep 2016 22:55:42 -0500",642,"642",3,"SESSION1"
4,"Mon, 19 Sep 2016 09:49:01 -0500",742,"742",4,"SESSION1"
3,"Mon, 19 Sep 2016 17:09:59 -0500",755,"755",3,"SESSION1"
5,"Tue, 19 Sep 2017 13:59:48 -0500",1354,"1354",3,"SESSION1"
4,"Wed, 19 Sep 2018 11:34:41 -0500",1811,"1811",4,"SESSION3"
3,"Tue, 20 Sep 2016 08:42:43 -0500",674,"674",3,"SESSION3"
3,"Tue, 20 Sep 2016 14:50:43 -0500",764,"764",3,"SESSION1"
2,"Tue, 20 Sep 2016 15:34:12 -0500",725,"725",2,"SESSION1"
3,"Tue, 20 Sep 2016 19:30:01 -0500",740,"740",3,"SESSION1"
4,"Tue, 20 Sep 2016 20:54:01 -0500",623,"623",4,"SESSION8"
3,"Thu, 20 Sep 2018 12:32:45 -0500",1766,"1766",3,"SESSION3"
3,"Wed, 21 Sep 2016 09:35:39 -0500",644,"644",3,"SESSION3"
4,"Thu, 21 Sep 2017 02:24:38 -0500",1332,"1332",4,"SESSION3"
2,"Fri, 21 Sep 2018 17:51:24 -0500",1846,"1846",3,"SESSION1"
2,"Thu, 22 Sep 2016 08:05:59 -0500",582,"582",2,"SESSION8"
3,"Thu, 22 Sep 2016 11:55:47 -0500",773,"773",3,"SESSION1"
3,"Sat, 22 Sep 2018 12:43:58 -0500",1806,"1806",4,"SESSION3"
3,"Thu, 22 Sep 2016 23:37:19 -0500",776,"776",2,"SESSION1"
4,"Fri, 23 Sep 2016 03:12:45 -0500",771,"771",2,"SESSION1"
4,"Fri, 23 Sep 2016 08:15:17 -0500",772,"772",3,"SESSION1"
4,"Fri, 23 Sep 2016 12:55:25 -0500",683,"683",4,"SESSION3"
3,"Fri, 23 Sep 2016 13:54:36 -0500",781,"781",3,"SESSION1"
2,"Fri, 23 Sep 2016 15:09:19 -0500",782,"782",4,"SESSION1"
3,"Fri, 23 Sep 2016 20:27:06 -0500",541,"541",3,"SESSION8"
3,"Fri, 23 Sep 2016 21:11:38 -0500",620,"620",3,"SESSION3"
2,"Sat, 23 Sep 2017 08:36:18 -0500",1358,"1358",2,"SESSION1"
5,"Sat, 23 Sep 2017 09:00:49 -0500",1352,"1352",5,"SESSION3"
4,"Sun, 24 Sep 2017 00:30:33 -0500",1360,"1360",4,"SESSION1"
4,"Sun, 24 Sep 2017 09:12:04 -0500",1327,"1327",4,"SESSION6"
4,"Sun, 24 Sep 2017 16:18:03 -0500",1361,"1361",4,"SESSION1"
3,"Sun, 24 Sep 2017 19:57:34 -0500",1362,"1362",4,"SESSION1"
2,"Mon, 24 Sep 2018 14:44:45 -0500",1850,"1850",3,"SESSION1"
3,"Sat, 24 Sep 2016 23:56:26 -0500",625,"625",4,"SESSION6"
3,"Sun, 25 Sep 2016 11:41:27 -0500",791,"791",3,"SESSION1"
3,"Sun, 25 Sep 2016 17:04:06 -0500",708,"708",4,"SESSION3"
2,"Sun, 25 Sep 2016 20:11:23 -0500",795,"795",4,"SESSION1"
3,"Mon, 26 Sep 2016 04:44:29 -0500",788,"788",3,"SESSION1"
1,"Mon, 26 Sep 2016 12:54:01 -0500",729,"729",3,"SESSION1"
2,"Mon, 26 Sep 2016 16:42:52 -0500",793,"793",3,"SESSION1"
3,"Mon, 26 Sep 2016 20:10:15 -0500",701,"701",3,"SESSION3"
2,"Mon, 26 Sep 2016 21:02:04 -0500",787,"787",3,"SESSION1"
4,"Tue, 26 Sep 2017 15:39:15 -0500",1340,"1340",4,"SESSION6"
3,"Tue, 26 Sep 2017 15:55:37 -0500",1367,"1367",4,"SESSION1"
3,"Tue, 26 Sep 2017 18:38:46 -0500",1368,"1368",2,"SESSION1"
3,"Wed, 26 Sep 2018 00:49:41 -0500",1851,"1851",3,"SESSION1"
3,"Tue, 27 Sep 2016 14:32:51 -0500",667,"667",3,"SESSION3"
3,"Tue, 27 Sep 2016 15:02:29 -0500",805,"805",3,"SESSION1"
3,"Tue, 27 Sep 2016 15:38:59 -0500",806,"806",3,"SESSION1"
3,"Thu, 27 Sep 2018 01:00:06 -0500",1846,"1846",4,"SESSION3"
2,"Thu, 27 Sep 2018 22:34:50 -0500",1854,"1854",2,"SESSION1"
2,"Wed, 28 Sep 2016 02:41:08 -0500",802,"802",2,"SESSION1"
2,"Wed, 28 Sep 2016 16:46:39 -0500",799,"799",3,"SESSION1"
3,"Thu, 28 Sep 2017 18:06:40 -0500",1373,"1373",3,"SESSION1"
4,"Fri, 28 Sep 2018 01:18:07 -0500",1804,"1804",4,"SESSION6"
2,"Thu, 29 Sep 2016 15:43:47 -0500",725,"725",2,"SESSION3"
3,"Thu, 29 Sep 2016 17:37:26 -0500",625,"625",4,"SESSION8"
3,"Thu, 29 Sep 2016 18:06:17 -0500",812,"812",2,"SESSION1"
3,"Thu, 29 Sep 2016 22:49:43 -0500",723,"723",3,"SESSION3"
3,"Fri, 29 Sep 2017 04:26:21 -0500",1374,"1374",4,"SESSION1"
3,"Sat, 29 Sep 2018 16:01:05 -0500",1856,"1856",2,"SESSION1"
3,"Fri, 30 Sep 2016 13:24:07 -0500",781,"781",3,"SESSION3"
3,"Fri, 30 Sep 2016 16:53:04 -0500",674,"674",3,"SESSION6"
3,"Sun, 30 Sep 2018 06:29:23 -0500",1772,"1772",3,"SESSION6"
